"size_iter","samples","cm","iter","acc","auc"
1,54,"l2","1",0.636363636363636,0.714285714285714
1,54,"l1","1",0.636363636363636,0.5
1,54,"svmsig","1",0.727272727272727,0.678571428571429
1,54,"svmrad","1",0.727272727272727,0.678571428571429
1,54,"rf","1",0.727272727272727,0.714285714285714
1,54,"l2","2",0.636363636363636,0.428571428571429
1,54,"l1","2",0.545454545454545,0.392857142857143
1,54,"svmsig","2",0.636363636363636,0.357142857142857
1,54,"svmrad","2",0.636363636363636,0.357142857142857
1,54,"rf","2",0.454545454545455,0.178571428571429
1,54,"l2","3",0.6,0.541666666666667
1,54,"l1","3",0.7,0.666666666666667
1,54,"svmsig","3",0.5,0.625
1,54,"svmrad","3",0.4,0.625
1,54,"rf","3",0.4,0.5
1,54,"l2","4",0.583333333333333,0.5
1,54,"l1","4",0.583333333333333,0.5
1,54,"svmsig","4",0.75,0.771428571428571
1,54,"svmrad","4",0.583333333333333,0.228571428571429
1,54,"rf","4",0.666666666666667,0.885714285714286
1,54,"l2","5",0.6,0.5
1,54,"l1","5",0.6,0.5
1,54,"svmsig","5",0.6,0.458333333333333
1,54,"svmrad","5",0.5,0.458333333333333
1,54,"rf","5",0.5,0.416666666666667
1,54,"l2","6",0.636363636363636,0.714285714285714
1,54,"l1","6",0.545454545454545,0.214285714285714
1,54,"svmsig","6",0.636363636363636,0.785714285714286
1,54,"svmrad","6",0.636363636363636,0.785714285714286
1,54,"rf","6",0.545454545454545,0.571428571428571
1,54,"l2","7",0.636363636363636,0.428571428571429
1,54,"l1","7",0.636363636363636,0.642857142857143
1,54,"svmsig","7",0.636363636363636,0.392857142857143
1,54,"svmrad","7",0.636363636363636,0.392857142857143
1,54,"rf","7",0.636363636363636,0.464285714285714
1,54,"l2","8",0.636363636363636,0.75
1,54,"l1","8",0.636363636363636,0.5
1,54,"svmsig","8",0.818181818181818,0.785714285714286
1,54,"svmrad","8",0.818181818181818,0.785714285714286
1,54,"rf","8",0.545454545454545,0.553571428571429
1,54,"l2","9",0.545454545454545,0.6
1,54,"l1","9",0.545454545454545,0.5
1,54,"svmsig","9",0.545454545454545,0.533333333333333
1,54,"svmrad","9",0.545454545454545,0.533333333333333
1,54,"rf","9",0.454545454545455,0.566666666666667
1,54,"l2","10",0.6,0.791666666666667
1,54,"l1","10",0.6,0.5
1,54,"svmsig","10",0.8,0.875
1,54,"svmrad","10",0.6,0.875
1,54,"rf","10",0.8,0.791666666666667
1,54,"l2","11",0.583333333333333,0.714285714285714
1,54,"l1","11",0.416666666666667,0.657142857142857
1,54,"svmsig","11",0.75,0.771428571428571
1,54,"svmrad","11",0.75,0.771428571428571
1,54,"rf","11",0.666666666666667,0.557142857142857
1,54,"l2","12",0.6,0.625
1,54,"l1","12",0.7,0.833333333333333
1,54,"svmsig","12",0.5,0.583333333333333
1,54,"svmrad","12",0.5,0.583333333333333
1,54,"rf","12",0.6,0.583333333333333
1,54,"l2","13",0.7,0.708333333333333
1,54,"l1","13",0.7,0.5
1,54,"svmsig","13",0.6,0.791666666666667
1,54,"svmrad","13",0.6,0.791666666666667
1,54,"rf","13",0.8,0.708333333333333
1,54,"l2","14",0.636363636363636,0.714285714285714
1,54,"l1","14",0.636363636363636,0.714285714285714
1,54,"svmsig","14",0.545454545454545,0.607142857142857
1,54,"svmrad","14",0.545454545454545,0.607142857142857
1,54,"rf","14",0.636363636363636,0.607142857142857
1,54,"l2","15",0.727272727272727,0.678571428571429
1,54,"l1","15",0.727272727272727,0.678571428571429
1,54,"svmsig","15",0.727272727272727,0.571428571428571
1,54,"svmrad","15",0.727272727272727,0.571428571428571
1,54,"rf","15",0.727272727272727,0.821428571428571
1,54,"l2","16",0.636363636363636,0.5
1,54,"l1","16",0.636363636363636,0.285714285714286
1,54,"svmsig","16",0.636363636363636,0.607142857142857
1,54,"svmrad","16",0.545454545454545,0.607142857142857
1,54,"rf","16",0.818181818181818,0.785714285714286
1,54,"l2","17",0.6,0.5
1,54,"l1","17",0.6,0.5
1,54,"svmsig","17",0.6,0.416666666666667
1,54,"svmrad","17",0.6,0.416666666666667
1,54,"rf","17",0.6,0.479166666666667
1,54,"l2","18",0.6,0.5
1,54,"l1","18",0.6,0.5
1,54,"svmsig","18",0.8,0.916666666666667
1,54,"svmrad","18",0.6,0.916666666666667
1,54,"rf","18",0.8,0.833333333333333
1,54,"l2","19",0.636363636363636,0.642857142857143
1,54,"l1","19",0.636363636363636,0.714285714285714
1,54,"svmsig","19",0.636363636363636,0.75
1,54,"svmrad","19",0.636363636363636,0.75
1,54,"rf","19",0.727272727272727,0.678571428571429
1,54,"l2","20",0.583333333333333,0.6
1,54,"l1","20",0.75,0.8
1,54,"svmsig","20",0.5,0.628571428571429
1,54,"svmrad","20",0.5,0.628571428571429
1,54,"rf","20",0.666666666666667,0.8
1,54,"l2","21",0.636363636363636,0.714285714285714
1,54,"l1","21",0.636363636363636,0.75
1,54,"svmsig","21",0.727272727272727,0.678571428571429
1,54,"svmrad","21",0.818181818181818,0.678571428571429
1,54,"rf","21",0.727272727272727,0.75
1,54,"l2","22",0.454545454545455,0.607142857142857
1,54,"l1","22",0.727272727272727,0.607142857142857
1,54,"svmsig","22",0.545454545454545,0.642857142857143
1,54,"svmrad","22",0.545454545454545,0.642857142857143
1,54,"rf","22",0.545454545454545,0.785714285714286
1,54,"l2","23",0.636363636363636,0.928571428571428
1,54,"l1","23",0.636363636363636,0.785714285714286
1,54,"svmsig","23",0.818181818181818,0.892857142857143
1,54,"svmrad","23",0.727272727272727,0.892857142857143
1,54,"rf","23",0.727272727272727,0.785714285714286
1,54,"l2","24",0.6,0.833333333333333
1,54,"l1","24",0.6,0.708333333333333
1,54,"svmsig","24",0.7,0.75
1,54,"svmrad","24",0.6,0.75
1,54,"rf","24",0.7,0.75
1,54,"l2","25",0.545454545454545,0.633333333333333
1,54,"l1","25",0.545454545454545,0.5
1,54,"svmsig","25",0.545454545454545,0.633333333333333
1,54,"svmrad","25",0.636363636363636,0.633333333333333
1,54,"rf","25",0.545454545454545,0.533333333333333
1,54,"l2","26",0.6,0.5
1,54,"l1","26",0.6,0.583333333333333
1,54,"svmsig","26",0.6,0.625
1,54,"svmrad","26",0.6,0.375
1,54,"rf","26",0.8,0.583333333333333
1,54,"l2","27",0.636363636363636,0.464285714285714
1,54,"l1","27",0.636363636363636,0.5
1,54,"svmsig","27",0.545454545454545,0.392857142857143
1,54,"svmrad","27",0.545454545454545,0.392857142857143
1,54,"rf","27",0.727272727272727,0.464285714285714
1,54,"l2","28",0.583333333333333,0.542857142857143
1,54,"l1","28",0.666666666666667,0.457142857142857
1,54,"svmsig","28",0.583333333333333,0.457142857142857
1,54,"svmrad","28",0.583333333333333,0.457142857142857
1,54,"rf","28",0.666666666666667,0.614285714285714
1,54,"l2","29",0.636363636363636,0.5
1,54,"l1","29",0.636363636363636,0.571428571428571
1,54,"svmsig","29",0.636363636363636,0.857142857142857
1,54,"svmrad","29",0.727272727272727,0.857142857142857
1,54,"rf","29",0.727272727272727,0.732142857142857
1,54,"l2","30",0.6,0.833333333333333
1,54,"l1","30",0.6,0.6875
1,54,"svmsig","30",0.7,0.875
1,54,"svmrad","30",0.7,0.875
1,54,"rf","30",0.7,0.958333333333333
1,54,"l2","31",0.6,0.583333333333333
1,54,"l1","31",0.6,0.5
1,54,"svmsig","31",0.5,0.583333333333333
1,54,"svmrad","31",0.5,0.583333333333333
1,54,"rf","31",0.7,0.708333333333333
1,54,"l2","32",0.636363636363636,0.571428571428572
1,54,"l1","32",0.636363636363636,0.25
1,54,"svmsig","32",0.545454545454545,0.285714285714286
1,54,"svmrad","32",0.545454545454545,0.285714285714286
1,54,"rf","32",0.636363636363636,0.5
1,54,"l2","33",0.636363636363636,0.928571428571428
1,54,"l1","33",0.636363636363636,0.607142857142857
1,54,"svmsig","33",0.545454545454545,0.785714285714286
1,54,"svmrad","33",0.818181818181818,0.785714285714286
1,54,"rf","33",0.636363636363636,0.857142857142857
1,54,"l2","34",0.6,0.791666666666667
1,54,"l1","34",0.6,0.5
1,54,"svmsig","34",0.7,0.875
1,54,"svmrad","34",0.7,0.875
1,54,"rf","34",0.8,0.770833333333333
1,54,"l2","35",0.583333333333333,0.571428571428571
1,54,"l1","35",0.583333333333333,0.771428571428571
1,54,"svmsig","35",0.583333333333333,0.628571428571429
1,54,"svmrad","35",0.583333333333333,0.628571428571429
1,54,"rf","35",0.666666666666667,0.657142857142857
1,54,"l2","36",0.5,0.625
1,54,"l1","36",0.8,0.666666666666667
1,54,"svmsig","36",0.6,0.666666666666667
1,54,"svmrad","36",0.5,0.666666666666667
1,54,"rf","36",0.7,0.75
1,54,"l2","37",0.6,0.833333333333333
1,54,"l1","37",0.8,0.75
1,54,"svmsig","37",0.7,0.791666666666667
1,54,"svmrad","37",0.8,0.791666666666667
1,54,"rf","37",0.8,0.833333333333333
1,54,"l2","38",0.636363636363636,0.535714285714286
1,54,"l1","38",0.636363636363636,0.5
1,54,"svmsig","38",0.636363636363636,0.428571428571429
1,54,"svmrad","38",0.636363636363636,0.428571428571429
1,54,"rf","38",0.454545454545455,0.464285714285714
1,54,"l2","39",0.636363636363636,0.571428571428571
1,54,"l1","39",0.545454545454545,0.428571428571429
1,54,"svmsig","39",0.727272727272727,0.571428571428571
1,54,"svmrad","39",0.727272727272727,0.571428571428571
1,54,"rf","39",0.727272727272727,0.75
1,54,"l2","40",0.583333333333333,0.657142857142857
1,54,"l1","40",0.5,0.571428571428571
1,54,"svmsig","40",0.666666666666667,0.742857142857143
1,54,"svmrad","40",0.666666666666667,0.742857142857143
1,54,"rf","40",0.583333333333333,0.771428571428571
1,54,"l2","41",0.636363636363636,0.5
1,54,"l1","41",0.636363636363636,0.5
1,54,"svmsig","41",0.636363636363636,0.535714285714286
1,54,"svmrad","41",0.636363636363636,0.535714285714286
1,54,"rf","41",0.636363636363636,0.785714285714286
1,54,"l2","42",0.583333333333333,0.571428571428571
1,54,"l1","42",0.583333333333333,0.571428571428571
1,54,"svmsig","42",0.666666666666667,0.457142857142857
1,54,"svmrad","42",0.666666666666667,0.457142857142857
1,54,"rf","42",0.666666666666667,0.628571428571429
1,54,"l2","43",0.636363636363636,0.535714285714286
1,54,"l1","43",0.636363636363636,0.5
1,54,"svmsig","43",0.454545454545455,0.5
1,54,"svmrad","43",0.545454545454545,0.5
1,54,"rf","43",0.545454545454545,0.5
1,54,"l2","44",0.6,0.5
1,54,"l1","44",0.6,0.5
1,54,"svmsig","44",0.6,0.875
1,54,"svmrad","44",0.6,0.875
1,54,"rf","44",0.8,0.833333333333333
1,54,"l2","45",0.6,0.416666666666667
1,54,"l1","45",0.6,0.75
1,54,"svmsig","45",0.5,0.5
1,54,"svmrad","45",0.5,0.5
1,54,"rf","45",0.5,0.458333333333333
1,54,"l2","46",0.636363636363636,0.75
1,54,"l1","46",0.636363636363636,0.714285714285714
1,54,"svmsig","46",0.636363636363636,0.75
1,54,"svmrad","46",0.636363636363636,0.75
1,54,"rf","46",0.636363636363636,0.714285714285714
1,54,"l2","47",0.545454545454545,0.607142857142857
1,54,"l1","47",0.636363636363636,0.678571428571429
1,54,"svmsig","47",0.454545454545455,0.678571428571429
1,54,"svmrad","47",0.454545454545455,0.678571428571429
1,54,"rf","47",0.545454545454545,0.535714285714286
1,54,"l2","48",0.636363636363636,0.5
1,54,"l1","48",0.636363636363636,0.5
1,54,"svmsig","48",0.727272727272727,0.571428571428571
1,54,"svmrad","48",0.727272727272727,0.571428571428571
1,54,"rf","48",0.636363636363636,0.625
1,54,"l2","49",0.6,0.5
1,54,"l1","49",0.8,0.875
1,54,"svmsig","49",0.6,0.833333333333333
1,54,"svmrad","49",0.5,0.833333333333333
1,54,"rf","49",0.7,0.75
1,54,"l2","50",0.545454545454545,0.833333333333333
1,54,"l1","50",0.545454545454545,0.5
1,54,"svmsig","50",0.727272727272727,0.866666666666667
1,54,"svmrad","50",0.727272727272727,0.866666666666667
1,54,"rf","50",0.818181818181818,0.966666666666667
2,49,"l2","1",0.7,0.791666666666667
2,49,"l1","1",0.7,0.583333333333333
2,49,"svmsig","1",0.6,0.833333333333333
2,49,"svmrad","1",0.7,0.833333333333333
2,49,"rf","1",0.7,0.708333333333333
2,49,"l2","2",0.6,0.5
2,49,"l1","2",0.6,0.416666666666667
2,49,"svmsig","2",0.6,0.708333333333333
2,49,"svmrad","2",0.6,0.708333333333333
2,49,"rf","2",0.7,0.729166666666667
2,49,"l2","3",0.6,0.791666666666667
2,49,"l1","3",0.6,0.5
2,49,"svmsig","3",0.8,0.791666666666667
2,49,"svmrad","3",0.7,0.791666666666667
2,49,"rf","3",0.8,0.958333333333333
2,49,"l2","4",0.7,0.583333333333333
2,49,"l1","4",0.6,0.5
2,49,"svmsig","4",0.7,0.625
2,49,"svmrad","4",0.6,0.625
2,49,"rf","4",0.7,0.645833333333333
2,49,"l2","5",0.666666666666667,0.833333333333333
2,49,"l1","5",0.777777777777778,0.777777777777778
2,49,"svmsig","5",0.888888888888889,0.833333333333333
2,49,"svmrad","5",0.888888888888889,0.833333333333333
2,49,"rf","5",0.777777777777778,0.888888888888889
2,49,"l2","6",0.666666666666667,0.611111111111111
2,49,"l1","6",0.555555555555556,0.722222222222222
2,49,"svmsig","6",0.666666666666667,0.555555555555555
2,49,"svmrad","6",0.555555555555556,0.555555555555555
2,49,"rf","6",0.666666666666667,0.638888888888889
2,49,"l2","7",0.6,0.5
2,49,"l1","7",0.8,0.75
2,49,"svmsig","7",0.9,1
2,49,"svmrad","7",0.7,1
2,49,"rf","7",0.7,0.875
2,49,"l2","8",0.7,0.666666666666667
2,49,"l1","8",0.7,0.791666666666667
2,49,"svmsig","8",0.7,0.625
2,49,"svmrad","8",0.7,0.625
2,49,"rf","8",0.7,0.541666666666667
2,49,"l2","9",0.5,0.416666666666667
2,49,"l1","9",0.6,0.583333333333333
2,49,"svmsig","9",0.5,0.416666666666667
2,49,"svmrad","9",0.5,0.416666666666667
2,49,"rf","9",0.5,0.5
2,49,"l2","10",0.6,0.875
2,49,"l1","10",0.7,0.916666666666667
2,49,"svmsig","10",0.7,0.833333333333333
2,49,"svmrad","10",0.8,0.833333333333333
2,49,"rf","10",0.6,0.75
2,49,"l2","11",0.6,0.5
2,49,"l1","11",0.8,0.833333333333333
2,49,"svmsig","11",0.7,0.916666666666667
2,49,"svmrad","11",0.8,0.916666666666667
2,49,"rf","11",0.7,0.708333333333333
2,49,"l2","12",0.6,0.916666666666667
2,49,"l1","12",0.8,0.833333333333333
2,49,"svmsig","12",0.7,0.875
2,49,"svmrad","12",0.8,0.875
2,49,"rf","12",0.9,1
2,49,"l2","13",0.6,0.708333333333333
2,49,"l1","13",0.7,0.791666666666667
2,49,"svmsig","13",0.7,0.791666666666667
2,49,"svmrad","13",0.7,0.791666666666667
2,49,"rf","13",0.6,0.75
2,49,"l2","14",0.6,0.875
2,49,"l1","14",0.6,0.5
2,49,"svmsig","14",0.8,0.916666666666667
2,49,"svmrad","14",0.7,0.916666666666667
2,49,"rf","14",0.6,0.791666666666667
2,49,"l2","15",0.666666666666667,0.611111111111111
2,49,"l1","15",0.777777777777778,0.722222222222222
2,49,"svmsig","15",0.777777777777778,0.666666666666667
2,49,"svmrad","15",0.777777777777778,0.666666666666667
2,49,"rf","15",0.666666666666667,0.5
2,49,"l2","16",0.7,0.75
2,49,"l1","16",0.6,0.916666666666667
2,49,"svmsig","16",0.7,0.75
2,49,"svmrad","16",0.7,0.75
2,49,"rf","16",0.7,0.625
2,49,"l2","17",0.5,0.708333333333333
2,49,"l1","17",0.7,0.791666666666667
2,49,"svmsig","17",0.6,0.625
2,49,"svmrad","17",0.6,0.625
2,49,"rf","17",0.6,0.833333333333333
2,49,"l2","18",0.6,0.625
2,49,"l1","18",0.6,0.5
2,49,"svmsig","18",0.6,0.708333333333333
2,49,"svmrad","18",0.6,0.708333333333333
2,49,"rf","18",0.7,0.75
2,49,"l2","19",0.666666666666667,0.833333333333333
2,49,"l1","19",0.666666666666667,0.361111111111111
2,49,"svmsig","19",0.777777777777778,0.944444444444445
2,49,"svmrad","19",0.888888888888889,0.944444444444445
2,49,"rf","19",0.777777777777778,0.555555555555555
2,49,"l2","20",0.6,0.791666666666667
2,49,"l1","20",0.6,0.5
2,49,"svmsig","20",0.8,0.708333333333333
2,49,"svmrad","20",0.8,0.708333333333333
2,49,"rf","20",0.7,0.958333333333333
2,49,"l2","21",0.6,0.75
2,49,"l1","21",0.6,0.583333333333333
2,49,"svmsig","21",0.7,0.75
2,49,"svmrad","21",0.7,0.75
2,49,"rf","21",0.8,0.75
2,49,"l2","22",0.7,0.583333333333333
2,49,"l1","22",0.6,0.583333333333333
2,49,"svmsig","22",0.7,0.541666666666667
2,49,"svmrad","22",0.8,0.541666666666667
2,49,"rf","22",0.8,0.645833333333333
2,49,"l2","23",0.555555555555556,0.444444444444444
2,49,"l1","23",0.555555555555556,0.388888888888889
2,49,"svmsig","23",0.333333333333333,0.444444444444444
2,49,"svmrad","23",0.444444444444444,0.444444444444444
2,49,"rf","23",0.555555555555556,0.5
2,49,"l2","24",0.6,0.708333333333333
2,49,"l1","24",0.8,0.708333333333333
2,49,"svmsig","24",0.6,0.708333333333333
2,49,"svmrad","24",0.6,0.708333333333333
2,49,"rf","24",0.7,0.854166666666667
2,49,"l2","25",0.6,0.833333333333333
2,49,"l1","25",0.6,0.458333333333333
2,49,"svmsig","25",0.7,0.791666666666667
2,49,"svmrad","25",0.7,0.791666666666667
2,49,"rf","25",0.6,0.708333333333333
2,49,"l2","26",0.6,0.75
2,49,"l1","26",0.7,0.916666666666667
2,49,"svmsig","26",0.7,0.708333333333333
2,49,"svmrad","26",0.7,0.708333333333333
2,49,"rf","26",0.8,0.791666666666667
2,49,"l2","27",0.666666666666667,0.5
2,49,"l1","27",0.666666666666667,0.5
2,49,"svmsig","27",0.777777777777778,0.777777777777778
2,49,"svmrad","27",0.777777777777778,0.777777777777778
2,49,"rf","27",0.777777777777778,0.888888888888889
2,49,"l2","28",0.6,0.666666666666667
2,49,"l1","28",0.7,0.916666666666667
2,49,"svmsig","28",0.6,0.708333333333333
2,49,"svmrad","28",0.6,0.708333333333333
2,49,"rf","28",0.7,0.708333333333333
2,49,"l2","29",0.6,0.75
2,49,"l1","29",0.7,0.541666666666667
2,49,"svmsig","29",0.6,0.833333333333333
2,49,"svmrad","29",0.8,0.833333333333333
2,49,"rf","29",0.5,0.75
2,49,"l2","30",0.7,0.833333333333333
2,49,"l1","30",0.7,0.833333333333333
2,49,"svmsig","30",0.8,0.875
2,49,"svmrad","30",0.8,0.875
2,49,"rf","30",0.8,0.8125
2,49,"l2","31",0.666666666666667,0.611111111111111
2,49,"l1","31",0.444444444444444,0.222222222222222
2,49,"svmsig","31",0.666666666666667,0.611111111111111
2,49,"svmrad","31",0.666666666666667,0.611111111111111
2,49,"rf","31",0.666666666666667,0.666666666666667
2,49,"l2","32",0.6,0.458333333333333
2,49,"l1","32",0.6,0.5
2,49,"svmsig","32",0.5,0.5
2,49,"svmrad","32",0.5,0.5
2,49,"rf","32",0.5,0.416666666666667
2,49,"l2","33",0.6,0.666666666666667
2,49,"l1","33",0.8,0.75
2,49,"svmsig","33",0.6,0.541666666666667
2,49,"svmrad","33",0.6,0.541666666666667
2,49,"rf","33",0.6,0.916666666666667
2,49,"l2","34",0.6,0.375
2,49,"l1","34",0.5,0.375
2,49,"svmsig","34",0.6,0.375
2,49,"svmrad","34",0.6,0.375
2,49,"rf","34",0.6,0.416666666666667
2,49,"l2","35",0.6,0.708333333333333
2,49,"l1","35",0.6,0.5
2,49,"svmsig","35",0.6,0.75
2,49,"svmrad","35",0.8,0.75
2,49,"rf","35",0.7,0.833333333333333
2,49,"l2","36",0.666666666666667,0.555555555555556
2,49,"l1","36",0.777777777777778,0.5
2,49,"svmsig","36",0.555555555555556,0.555555555555556
2,49,"svmrad","36",0.555555555555556,0.555555555555556
2,49,"rf","36",0.777777777777778,0.722222222222222
2,49,"l2","37",0.6,0.791666666666667
2,49,"l1","37",0.9,0.75
2,49,"svmsig","37",0.7,0.708333333333333
2,49,"svmrad","37",0.8,0.708333333333333
2,49,"rf","37",0.6,0.666666666666667
2,49,"l2","38",0.7,0.791666666666667
2,49,"l1","38",0.6,0.875
2,49,"svmsig","38",0.6,0.791666666666667
2,49,"svmrad","38",0.6,0.791666666666667
2,49,"rf","38",0.7,0.583333333333333
2,49,"l2","39",0.6,0.666666666666667
2,49,"l1","39",0.6,0.4375
2,49,"svmsig","39",0.6,0.708333333333333
2,49,"svmrad","39",0.5,0.708333333333333
2,49,"rf","39",0.6,0.541666666666667
2,49,"l2","40",0.6,0.583333333333333
2,49,"l1","40",0.6,0.5
2,49,"svmsig","40",0.8,0.625
2,49,"svmrad","40",0.7,0.625
2,49,"rf","40",0.7,0.645833333333333
2,49,"l2","41",0.8,0.75
2,49,"l1","41",0.8,0.791666666666667
2,49,"svmsig","41",0.8,0.791666666666667
2,49,"svmrad","41",0.6,0.791666666666667
2,49,"rf","41",0.6,0.833333333333333
2,49,"l2","42",0.666666666666667,0.666666666666667
2,49,"l1","42",0.777777777777778,0.833333333333333
2,49,"svmsig","42",0.666666666666667,0.555555555555555
2,49,"svmrad","42",0.666666666666667,0.555555555555555
2,49,"rf","42",0.666666666666667,0.638888888888889
2,49,"l2","43",0.6,0.75
2,49,"l1","43",0.6,0.5
2,49,"svmsig","43",0.6,0.75
2,49,"svmrad","43",0.6,0.75
2,49,"rf","43",0.6,0.708333333333333
2,49,"l2","44",0.7,0.875
2,49,"l1","44",0.5,0.708333333333333
2,49,"svmsig","44",0.7,0.833333333333333
2,49,"svmrad","44",0.7,0.833333333333333
2,49,"rf","44",0.7,0.895833333333333
2,49,"l2","45",0.6,1
2,49,"l1","45",0.8,0.833333333333333
2,49,"svmsig","45",0.6,0.916666666666667
2,49,"svmrad","45",0.8,0.916666666666667
2,49,"rf","45",0.7,1
2,49,"l2","46",0.6,0.833333333333333
2,49,"l1","46",0.8,0.916666666666667
2,49,"svmsig","46",0.8,0.791666666666667
2,49,"svmrad","46",0.8,0.791666666666667
2,49,"rf","46",0.8,0.791666666666667
2,49,"l2","47",0.6,0.5
2,49,"l1","47",0.6,0.5
2,49,"svmsig","47",0.6,0.0416666666666667
2,49,"svmrad","47",0.8,0.958333333333333
2,49,"rf","47",0.7,0.708333333333333
2,49,"l2","48",0.7,0.791666666666667
2,49,"l1","48",0.8,0.833333333333333
2,49,"svmsig","48",0.8,0.791666666666667
2,49,"svmrad","48",0.8,0.791666666666667
2,49,"rf","48",0.7,0.708333333333333
2,49,"l2","49",0.666666666666667,0.722222222222222
2,49,"l1","49",0.777777777777778,0.555555555555556
2,49,"svmsig","49",0.777777777777778,0.888888888888889
2,49,"svmrad","49",0.777777777777778,0.888888888888889
2,49,"rf","49",0.888888888888889,0.833333333333333
2,49,"l2","50",0.7,0.416666666666667
2,49,"l1","50",0.6,0.5
2,49,"svmsig","50",0.5,0.5
2,49,"svmrad","50",0.6,0.5
2,49,"rf","50",0.6,0.458333333333333
3,45,"l2","1",0.666666666666667,0.722222222222222
3,45,"l1","1",0.444444444444444,0.444444444444444
3,45,"svmsig","1",0.777777777777778,0.722222222222222
3,45,"svmrad","1",0.666666666666667,0.722222222222222
3,45,"rf","1",0.666666666666667,0.722222222222222
3,45,"l2","2",0.555555555555556,0.95
3,45,"l1","2",0.555555555555556,0.9
3,45,"svmsig","2",0.555555555555556,0.05
3,45,"svmrad","2",0.555555555555556,0.05
3,45,"rf","2",0.666666666666667,0.8
3,45,"l2","3",0.555555555555556,0.6
3,45,"l1","3",0.555555555555556,0.5
3,45,"svmsig","3",0.555555555555556,0.65
3,45,"svmrad","3",0.555555555555556,0.65
3,45,"rf","3",0.666666666666667,0.7
3,45,"l2","4",0.6,0.5
3,45,"l1","4",0.6,0.5
3,45,"svmsig","4",0.9,0.875
3,45,"svmrad","4",0.6,0.875
3,45,"rf","4",0.9,0.833333333333333
3,45,"l2","5",0.625,0.666666666666667
3,45,"l1","5",0.625,0.733333333333333
3,45,"svmsig","5",0.625,0.666666666666667
3,45,"svmrad","5",0.875,0.666666666666667
3,45,"rf","5",0.625,0.4
3,45,"l2","6",0.777777777777778,0.666666666666667
3,45,"l1","6",0.666666666666667,0.611111111111111
3,45,"svmsig","6",0.666666666666667,0.333333333333333
3,45,"svmrad","6",0.777777777777778,0.666666666666667
3,45,"rf","6",0.777777777777778,0.805555555555556
3,45,"l2","7",0.555555555555556,0.8
3,45,"l1","7",0.555555555555556,0.5
3,45,"svmsig","7",0.555555555555556,0.05
3,45,"svmrad","7",0.555555555555556,0.95
3,45,"rf","7",0.666666666666667,0.8
3,45,"l2","8",0.5,0.333333333333333
3,45,"l1","8",0.3,0.458333333333333
3,45,"svmsig","8",0.5,0.416666666666667
3,45,"svmrad","8",0.5,0.416666666666667
3,45,"rf","8",0.4,0.541666666666667
3,45,"l2","9",0.625,0.6
3,45,"l1","9",0.625,0.5
3,45,"svmsig","9",0.5,0.6
3,45,"svmrad","9",0.625,0.6
3,45,"rf","9",0.625,0.533333333333333
3,45,"l2","10",0.555555555555556,0.5
3,45,"l1","10",0.555555555555556,0.5
3,45,"svmsig","10",0.555555555555556,1
3,45,"svmrad","10",0.555555555555556,1
3,45,"rf","10",0.555555555555556,1
3,45,"l2","11",0.555555555555556,0.5
3,45,"l1","11",0.555555555555556,0.5
3,45,"svmsig","11",0.666666666666667,0.6
3,45,"svmrad","11",0.666666666666667,0.6
3,45,"rf","11",0.555555555555556,0.5
3,45,"l2","12",0.555555555555556,0.9
3,45,"l1","12",0.888888888888889,0.8
3,45,"svmsig","12",0.555555555555556,0.95
3,45,"svmrad","12",0.555555555555556,0.95
3,45,"rf","12",0.666666666666667,0.8
3,45,"l2","13",0.777777777777778,0.5
3,45,"l1","13",0.555555555555556,0.611111111111111
3,45,"svmsig","13",0.555555555555556,0.611111111111111
3,45,"svmrad","13",0.555555555555556,0.611111111111111
3,45,"rf","13",0.666666666666667,0.5
3,45,"l2","14",0.555555555555556,0.65
3,45,"l1","14",0.555555555555556,0.4
3,45,"svmsig","14",0.666666666666667,0.8
3,45,"svmrad","14",0.666666666666667,0.8
3,45,"rf","14",0.555555555555556,0.55
3,45,"l2","15",0.777777777777778,0.5
3,45,"l1","15",0.666666666666667,0.5
3,45,"svmsig","15",0.777777777777778,0.5
3,45,"svmrad","15",0.666666666666667,0.5
3,45,"rf","15",0.555555555555556,0.333333333333333
3,45,"l2","16",0.6,0.291666666666667
3,45,"l1","16",0.5,0.458333333333333
3,45,"svmsig","16",0.5,0.291666666666667
3,45,"svmrad","16",0.5,0.291666666666667
3,45,"rf","16",0.5,0.458333333333333
3,45,"l2","17",0.555555555555556,0.5
3,45,"l1","17",0.555555555555556,0.5
3,45,"svmsig","17",0.444444444444444,0.45
3,45,"svmrad","17",0.555555555555556,0.45
3,45,"rf","17",0.555555555555556,0.6
3,45,"l2","18",0.75,0.733333333333333
3,45,"l1","18",0.875,0.866666666666667
3,45,"svmsig","18",0.625,0.2
3,45,"svmrad","18",0.75,0.8
3,45,"rf","18",0.75,0.8
3,45,"l2","19",0.625,0.666666666666667
3,45,"l1","19",0.625,0.666666666666667
3,45,"svmsig","19",0.625,0.666666666666667
3,45,"svmrad","19",0.75,0.666666666666667
3,45,"rf","19",0.75,0.733333333333333
3,45,"l2","20",0.6,0.5
3,45,"l1","20",0.6,0.75
3,45,"svmsig","20",0.7,0.875
3,45,"svmrad","20",0.6,0.875
3,45,"rf","20",0.8,0.791666666666667
3,45,"l2","21",0.6,0.5
3,45,"l1","21",0.6,0.5
3,45,"svmsig","21",0.5,0.541666666666667
3,45,"svmrad","21",0.6,0.541666666666667
3,45,"rf","21",0.5,0.5
3,45,"l2","22",0.625,0.6
3,45,"l1","22",0.625,0.8
3,45,"svmsig","22",0.625,0.733333333333333
3,45,"svmrad","22",0.625,0.733333333333333
3,45,"rf","22",0.625,0.466666666666667
3,45,"l2","23",0.625,0.8
3,45,"l1","23",0.625,0.4
3,45,"svmsig","23",0.625,0.8
3,45,"svmrad","23",0.75,0.8
3,45,"rf","23",0.75,0.666666666666667
3,45,"l2","24",0.7,0.5
3,45,"l1","24",0.6,0.583333333333333
3,45,"svmsig","24",0.6,0.583333333333333
3,45,"svmrad","24",0.6,0.583333333333333
3,45,"rf","24",0.7,0.666666666666667
3,45,"l2","25",0.555555555555556,0.8
3,45,"l1","25",0.555555555555556,0.65
3,45,"svmsig","25",0.555555555555556,0.7
3,45,"svmrad","25",0.555555555555556,0.7
3,45,"rf","25",0.555555555555556,0.9
3,45,"l2","26",0.888888888888889,0.777777777777778
3,45,"l1","26",0.777777777777778,0.777777777777778
3,45,"svmsig","26",0.666666666666667,0.722222222222222
3,45,"svmrad","26",0.555555555555556,0.722222222222222
3,45,"rf","26",0.555555555555556,0.722222222222222
3,45,"l2","27",0.625,0.666666666666667
3,45,"l1","27",0.625,0.5
3,45,"svmsig","27",0.625,0.733333333333333
3,45,"svmrad","27",0.625,0.733333333333333
3,45,"rf","27",0.625,0.466666666666667
3,45,"l2","28",0.333333333333333,0.35
3,45,"l1","28",0.555555555555556,0.5
3,45,"svmsig","28",0.444444444444444,0.3
3,45,"svmrad","28",0.444444444444444,0.3
3,45,"rf","28",0.333333333333333,0.5
3,45,"l2","29",0.6,0.625
3,45,"l1","29",0.6,0.5
3,45,"svmsig","29",0.7,0.5
3,45,"svmrad","29",0.7,0.5
3,45,"rf","29",0.7,0.458333333333333
3,45,"l2","30",0.555555555555556,0.5
3,45,"l1","30",0.777777777777778,0.75
3,45,"svmsig","30",0.555555555555556,0.85
3,45,"svmrad","30",0.666666666666667,0.85
3,45,"rf","30",0.555555555555556,0.8
3,45,"l2","31",0.6,0.625
3,45,"l1","31",0.6,0.5
3,45,"svmsig","31",0.6,0.708333333333333
3,45,"svmrad","31",0.6,0.708333333333333
3,45,"rf","31",0.7,0.666666666666667
3,45,"l2","32",0.555555555555556,0.611111111111111
3,45,"l1","32",0.444444444444444,0.444444444444444
3,45,"svmsig","32",0.555555555555556,0.555555555555556
3,45,"svmrad","32",0.555555555555556,0.555555555555556
3,45,"rf","32",0.555555555555556,0.444444444444444
3,45,"l2","33",0.555555555555556,0.75
3,45,"l1","33",0.555555555555556,0.5
3,45,"svmsig","33",0.666666666666667,0.7
3,45,"svmrad","33",0.666666666666667,0.7
3,45,"rf","33",0.666666666666667,0.7
3,45,"l2","34",0.555555555555556,0.7
3,45,"l1","34",0.666666666666667,0.6
3,45,"svmsig","34",0.555555555555556,0.7
3,45,"svmrad","34",0.666666666666667,0.7
3,45,"rf","34",0.666666666666667,0.75
3,45,"l2","35",0.625,0.5
3,45,"l1","35",0.5,0.4
3,45,"svmsig","35",0.625,0.466666666666667
3,45,"svmrad","35",0.625,0.466666666666667
3,45,"rf","35",0.5,0.6
3,45,"l2","36",0.555555555555556,0.65
3,45,"l1","36",0.555555555555556,0.5
3,45,"svmsig","36",0.555555555555556,0.7
3,45,"svmrad","36",0.555555555555556,0.7
3,45,"rf","36",0.555555555555556,0.65
3,45,"l2","37",0.6,0.916666666666667
3,45,"l1","37",0.6,0.5
3,45,"svmsig","37",0.8,0.833333333333333
3,45,"svmrad","37",0.8,0.833333333333333
3,45,"rf","37",0.7,0.875
3,45,"l2","38",0.625,0.666666666666667
3,45,"l1","38",0.75,0.6
3,45,"svmsig","38",0.625,0.533333333333333
3,45,"svmrad","38",0.625,0.533333333333333
3,45,"rf","38",0.5,0.733333333333333
3,45,"l2","39",0.75,0.733333333333333
3,45,"l1","39",0.625,0.8
3,45,"svmsig","39",0.75,0.8
3,45,"svmrad","39",0.625,0.8
3,45,"rf","39",0.75,0.8
3,45,"l2","40",0.6,0.791666666666667
3,45,"l1","40",0.7,0.791666666666667
3,45,"svmsig","40",0.6,0.833333333333333
3,45,"svmrad","40",0.6,0.833333333333333
3,45,"rf","40",0.6,0.583333333333333
3,45,"l2","41",0.444444444444444,0.5
3,45,"l1","41",0.555555555555556,0.5
3,45,"svmsig","41",0.444444444444444,0.45
3,45,"svmrad","41",0.555555555555556,0.45
3,45,"rf","41",0.444444444444444,0.65
3,45,"l2","42",0.75,0.733333333333333
3,45,"l1","42",0.625,0.666666666666667
3,45,"svmsig","42",0.75,0.733333333333333
3,45,"svmrad","42",0.75,0.733333333333333
3,45,"rf","42",0.625,0.666666666666667
3,45,"l2","43",0.6,0.708333333333333
3,45,"l1","43",0.8,0.75
3,45,"svmsig","43",0.6,0.75
3,45,"svmrad","43",0.6,0.75
3,45,"rf","43",0.8,0.75
3,45,"l2","44",0.75,0.733333333333333
3,45,"l1","44",0.875,0.8
3,45,"svmsig","44",0.75,0.666666666666667
3,45,"svmrad","44",0.75,0.666666666666667
3,45,"rf","44",0.75,0.933333333333333
3,45,"l2","45",0.6,0.875
3,45,"l1","45",0.7,0.75
3,45,"svmsig","45",0.7,0.875
3,45,"svmrad","45",0.8,0.875
3,45,"rf","45",0.7,0.875
3,45,"l2","46",0.75,1
3,45,"l1","46",0.375,0.533333333333333
3,45,"svmsig","46",0.75,0.933333333333333
3,45,"svmrad","46",0.875,0.933333333333333
3,45,"rf","46",0.875,1
3,45,"l2","47",0.666666666666667,0.5
3,45,"l1","47",0.666666666666667,0.5
3,45,"svmsig","47",0.666666666666667,0.0555555555555555
3,45,"svmrad","47",0.666666666666667,0.944444444444445
3,45,"rf","47",0.888888888888889,1
3,45,"l2","48",0.555555555555556,0.5
3,45,"l1","48",0.555555555555556,0.5
3,45,"svmsig","48",0.555555555555556,0.6
3,45,"svmrad","48",0.666666666666667,0.6
3,45,"rf","48",0.777777777777778,0.55
3,45,"l2","49",0.444444444444444,0.1
3,45,"l1","49",0.333333333333333,0.3
3,45,"svmsig","49",0.111111111111111,0.05
3,45,"svmrad","49",0.111111111111111,0.05
3,45,"rf","49",0.222222222222222,0.25
3,45,"l2","50",0.6,0.75
3,45,"l1","50",0.6,0.666666666666667
3,45,"svmsig","50",0.6,0.708333333333333
3,45,"svmrad","50",0.6,0.708333333333333
3,45,"rf","50",0.6,0.75
4,42,"l2","1",0.625,0.8
4,42,"l1","1",0.625,0.5
4,42,"svmsig","1",0.625,0.866666666666667
4,42,"svmrad","1",0.625,0.866666666666667
4,42,"rf","1",0.75,0.666666666666667
4,42,"l2","2",0.75,0.866666666666667
4,42,"l1","2",0.625,0.5
4,42,"svmsig","2",0.75,0.866666666666667
4,42,"svmrad","2",0.75,0.866666666666667
4,42,"rf","2",0.875,0.933333333333333
4,42,"l2","3",0.333333333333333,0.35
4,42,"l1","3",0.555555555555556,0.45
4,42,"svmsig","3",0.333333333333333,0.45
4,42,"svmrad","3",0.444444444444444,0.45
4,42,"rf","3",0.333333333333333,0.4
4,42,"l2","4",0.555555555555556,0.5
4,42,"l1","4",0.555555555555556,0.5
4,42,"svmsig","4",0.555555555555556,0.2
4,42,"svmrad","4",0.555555555555556,0.8
4,42,"rf","4",0.666666666666667,0.75
4,42,"l2","5",0.625,0.5
4,42,"l1","5",0.625,0.5
4,42,"svmsig","5",0.625,0.8
4,42,"svmrad","5",0.625,0.8
4,42,"rf","5",0.625,0.6
4,42,"l2","6",0.625,0.733333333333333
4,42,"l1","6",0.625,0.5
4,42,"svmsig","6",0.625,0.733333333333333
4,42,"svmrad","6",0.75,0.733333333333333
4,42,"rf","6",0.625,0.8
4,42,"l2","7",0.555555555555556,0.55
4,42,"l1","7",0.444444444444444,0.5
4,42,"svmsig","7",0.555555555555556,0.65
4,42,"svmrad","7",0.444444444444444,0.65
4,42,"rf","7",0.444444444444444,0.35
4,42,"l2","8",0.625,0.5
4,42,"l1","8",0.625,0.5
4,42,"svmsig","8",0.625,0.6
4,42,"svmrad","8",0.625,0.6
4,42,"rf","8",0.75,0.8
4,42,"l2","9",0.625,0.733333333333333
4,42,"l1","9",0.625,0.5
4,42,"svmsig","9",0.75,0.8
4,42,"svmrad","9",0.75,0.8
4,42,"rf","9",0.875,0.8
4,42,"l2","10",0.555555555555556,0.7
4,42,"l1","10",0.555555555555556,0.5
4,42,"svmsig","10",0.555555555555556,0.8
4,42,"svmrad","10",0.888888888888889,0.8
4,42,"rf","10",0.666666666666667,0.65
4,42,"l2","11",0.555555555555556,0.5
4,42,"l1","11",0.444444444444444,0.6
4,42,"svmsig","11",0.555555555555556,0.7
4,42,"svmrad","11",0.555555555555556,0.7
4,42,"rf","11",0.666666666666667,0.6
4,42,"l2","12",0.625,0.5
4,42,"l1","12",0.625,0.5
4,42,"svmsig","12",0.625,1
4,42,"svmrad","12",0.625,0
4,42,"rf","12",0.875,0.866666666666667
4,42,"l2","13",0.625,0.6
4,42,"l1","13",0.5,0.666666666666667
4,42,"svmsig","13",0.5,0.666666666666667
4,42,"svmrad","13",0.5,0.666666666666667
4,42,"rf","13",0.375,0.6
4,42,"l2","14",0.555555555555556,0.7
4,42,"l1","14",0.555555555555556,0.55
4,42,"svmsig","14",0.555555555555556,0.4
4,42,"svmrad","14",0.555555555555556,0.6
4,42,"rf","14",0.444444444444444,0.6
4,42,"l2","15",0.625,0.6
4,42,"l1","15",0.625,0.5
4,42,"svmsig","15",0.5,0.6
4,42,"svmrad","15",0.625,0.6
4,42,"rf","15",0.5,0.333333333333333
4,42,"l2","16",0.666666666666667,0.7
4,42,"l1","16",0.666666666666667,0.85
4,42,"svmsig","16",0.666666666666667,0.65
4,42,"svmrad","16",0.666666666666667,0.65
4,42,"rf","16",0.777777777777778,0.9
4,42,"l2","17",0.555555555555556,0.5
4,42,"l1","17",0.555555555555556,0.5
4,42,"svmsig","17",0.555555555555556,0.6
4,42,"svmrad","17",0.555555555555556,0.6
4,42,"rf","17",0.555555555555556,0.65
4,42,"l2","18",0.625,0.5
4,42,"l1","18",0.625,0.5
4,42,"svmsig","18",0.625,0.866666666666667
4,42,"svmrad","18",0.75,0.866666666666667
4,42,"rf","18",0.75,0.8
4,42,"l2","19",0.375,0.466666666666667
4,42,"l1","19",0.625,0.466666666666667
4,42,"svmsig","19",0.375,0.333333333333333
4,42,"svmrad","19",0.5,0.333333333333333
4,42,"rf","19",0.5,0.533333333333333
4,42,"l2","20",0.75,0.666666666666667
4,42,"l1","20",0.625,0.5
4,42,"svmsig","20",0.75,0.666666666666667
4,42,"svmrad","20",0.625,0.666666666666667
4,42,"rf","20",0.75,0.6
4,42,"l2","21",0.333333333333333,0.45
4,42,"l1","21",0.555555555555556,0.5
4,42,"svmsig","21",0.444444444444444,0.4
4,42,"svmrad","21",0.444444444444444,0.4
4,42,"rf","21",0.444444444444444,0.25
4,42,"l2","22",0.625,0.666666666666667
4,42,"l1","22",0.625,0.5
4,42,"svmsig","22",0.75,0.866666666666667
4,42,"svmrad","22",0.75,0.866666666666667
4,42,"rf","22",0.625,0.8
4,42,"l2","23",0.625,0.533333333333333
4,42,"l1","23",0.625,0.5
4,42,"svmsig","23",0.5,0.6
4,42,"svmrad","23",0.5,0.6
4,42,"rf","23",0.5,0.6
4,42,"l2","24",0.625,0.5
4,42,"l1","24",0.625,0.5
4,42,"svmsig","24",0.75,1
4,42,"svmrad","24",0.75,1
4,42,"rf","24",0.625,0.8
4,42,"l2","25",0.555555555555556,0.6
4,42,"l1","25",0.555555555555556,0.1
4,42,"svmsig","25",0.666666666666667,0.4
4,42,"svmrad","25",0.555555555555556,0.6
4,42,"rf","25",0.777777777777778,0.65
4,42,"l2","26",0.444444444444444,0.55
4,42,"l1","26",0.555555555555556,0.75
4,42,"svmsig","26",0.555555555555556,0.5
4,42,"svmrad","26",0.555555555555556,0.5
4,42,"rf","26",0.555555555555556,0.6
4,42,"l2","27",0.625,0.6
4,42,"l1","27",0.625,0.5
4,42,"svmsig","27",0.5,0.6
4,42,"svmrad","27",0.5,0.6
4,42,"rf","27",0.75,0.733333333333333
4,42,"l2","28",0.555555555555556,0.4
4,42,"l1","28",0.555555555555556,0.5
4,42,"svmsig","28",0.555555555555556,0.45
4,42,"svmrad","28",0.555555555555556,0.45
4,42,"rf","28",0.555555555555556,0.3
4,42,"l2","29",0.625,0.5
4,42,"l1","29",0.625,0.5
4,42,"svmsig","29",0.625,0.733333333333333
4,42,"svmrad","29",0.5,0.733333333333333
4,42,"rf","29",0.75,0.8
4,42,"l2","30",0.625,0.5
4,42,"l1","30",0.625,0.5
4,42,"svmsig","30",0.625,0.333333333333333
4,42,"svmrad","30",0.625,0.333333333333333
4,42,"rf","30",0.625,0.8
4,42,"l2","31",0.625,0.5
4,42,"l1","31",0.625,0.5
4,42,"svmsig","31",0.625,0.533333333333333
4,42,"svmrad","31",0.625,0.533333333333333
4,42,"rf","31",0.625,0.733333333333333
4,42,"l2","32",0.555555555555556,0.6
4,42,"l1","32",0.444444444444444,0.375
4,42,"svmsig","32",0.555555555555556,0.4
4,42,"svmrad","32",0.555555555555556,0.6
4,42,"rf","32",0.555555555555556,0.7
4,42,"l2","33",0.625,0.733333333333333
4,42,"l1","33",0.625,0.5
4,42,"svmsig","33",0.625,0.666666666666667
4,42,"svmrad","33",0.625,0.666666666666667
4,42,"rf","33",0.625,0.533333333333333
4,42,"l2","34",0.555555555555556,0.5
4,42,"l1","34",0.555555555555556,0.5
4,42,"svmsig","34",0.555555555555556,0.5
4,42,"svmrad","34",0.666666666666667,0.5
4,42,"rf","34",0.777777777777778,0.6
4,42,"l2","35",0.625,1
4,42,"l1","35",0.625,0.5
4,42,"svmsig","35",0.625,0.933333333333333
4,42,"svmrad","35",0.625,0.933333333333333
4,42,"rf","35",0.875,0.866666666666667
4,42,"l2","36",0.555555555555556,0.5
4,42,"l1","36",0.555555555555556,0.5
4,42,"svmsig","36",0.666666666666667,0.45
4,42,"svmrad","36",0.555555555555556,0.45
4,42,"rf","36",0.555555555555556,0.55
4,42,"l2","37",0.25,0.333333333333333
4,42,"l1","37",0.25,0.266666666666667
4,42,"svmsig","37",0.125,0.333333333333333
4,42,"svmrad","37",0.125,0.333333333333333
4,42,"rf","37",0.125,0.266666666666667
4,42,"l2","38",0.555555555555556,0.5
4,42,"l1","38",0.555555555555556,0.45
4,42,"svmsig","38",0.555555555555556,0.8
4,42,"svmrad","38",0.555555555555556,0.8
4,42,"rf","38",0.777777777777778,0.8
4,42,"l2","39",0.625,0.5
4,42,"l1","39",0.625,0.5
4,42,"svmsig","39",0.625,0.466666666666667
4,42,"svmrad","39",0.625,0.466666666666667
4,42,"rf","39",0.625,0.6
4,42,"l2","40",0.625,0.6
4,42,"l1","40",0.625,0.5
4,42,"svmsig","40",0.75,0.466666666666667
4,42,"svmrad","40",0.625,0.466666666666667
4,42,"rf","40",0.75,0.666666666666667
4,42,"l2","41",0.625,0.2
4,42,"l1","41",0.625,0.5
4,42,"svmsig","41",0.5,0.2
4,42,"svmrad","41",0.375,0.2
4,42,"rf","41",0.5,0.6
4,42,"l2","42",0.625,0.6
4,42,"l1","42",0.625,0.266666666666667
4,42,"svmsig","42",0.75,0.733333333333333
4,42,"svmrad","42",0.625,0.733333333333333
4,42,"rf","42",0.75,0.666666666666667
4,42,"l2","43",0.555555555555556,0.7
4,42,"l1","43",0.555555555555556,0.5
4,42,"svmsig","43",0.555555555555556,0.7
4,42,"svmrad","43",0.555555555555556,0.7
4,42,"rf","43",0.555555555555556,0.65
4,42,"l2","44",0.625,0.5
4,42,"l1","44",0.625,0.5
4,42,"svmsig","44",0.625,0.0666666666666667
4,42,"svmrad","44",0.75,0.933333333333333
4,42,"rf","44",0.875,1
4,42,"l2","45",0.555555555555556,0.8
4,42,"l1","45",0.666666666666667,0.65
4,42,"svmsig","45",0.555555555555556,0.7
4,42,"svmrad","45",0.666666666666667,0.7
4,42,"rf","45",0.444444444444444,0.8
4,42,"l2","46",0.625,0.533333333333333
4,42,"l1","46",0.625,0.5
4,42,"svmsig","46",0.75,0.533333333333333
4,42,"svmrad","46",0.625,0.533333333333333
4,42,"rf","46",0.625,0.733333333333333
4,42,"l2","47",0.625,0.733333333333333
4,42,"l1","47",0.625,0.5
4,42,"svmsig","47",0.625,0.8
4,42,"svmrad","47",0.75,0.8
4,42,"rf","47",0.625,0.733333333333333
4,42,"l2","48",0.555555555555556,0.85
4,42,"l1","48",0.333333333333333,0.3
4,42,"svmsig","48",0.444444444444444,0.25
4,42,"svmrad","48",0.555555555555556,0.75
4,42,"rf","48",0.777777777777778,0.7
4,42,"l2","49",0.625,0.733333333333333
4,42,"l1","49",0.625,0.5
4,42,"svmsig","49",0.625,0.466666666666667
4,42,"svmrad","49",0.5,0.466666666666667
4,42,"rf","49",0.625,0.533333333333333
4,42,"l2","50",0.555555555555556,0.55
4,42,"l1","50",0.444444444444444,0.55
4,42,"svmsig","50",0.555555555555556,0.55
4,42,"svmrad","50",0.444444444444444,0.55
4,42,"rf","50",0.555555555555556,0.65
5,39,"l2","1",0.625,0.5
5,39,"l1","1",0.75,0.866666666666667
5,39,"svmsig","1",0.625,0.866666666666667
5,39,"svmrad","1",0.25,0.133333333333333
5,39,"rf","1",0.75,0.866666666666667
5,39,"l2","2",0.375,0.266666666666667
5,39,"l1","2",0.625,0.5
5,39,"svmsig","2",0.25,0.266666666666667
5,39,"svmrad","2",0.625,0.733333333333333
5,39,"rf","2",0.25,0.266666666666667
5,39,"l2","3",0.571428571428571,0.666666666666667
5,39,"l1","3",0.571428571428571,0.5
5,39,"svmsig","3",0.571428571428571,0.416666666666667
5,39,"svmrad","3",0.571428571428571,0.583333333333333
5,39,"rf","3",0.285714285714286,0.333333333333333
5,39,"l2","4",0.5,0.5
5,39,"l1","4",0.5,0.5
5,39,"svmsig","4",0.5,0.4375
5,39,"svmrad","4",0.5,0.4375
5,39,"rf","4",0.625,0.75
5,39,"l2","5",0.625,0.5
5,39,"l1","5",0.625,0.666666666666667
5,39,"svmsig","5",0.625,0.866666666666667
5,39,"svmrad","5",0.25,0.133333333333333
5,39,"rf","5",0.75,0.766666666666667
5,39,"l2","6",0.625,0.533333333333333
5,39,"l1","6",0.625,0.5
5,39,"svmsig","6",0.625,0.466666666666667
5,39,"svmrad","6",0.5,0.533333333333333
5,39,"rf","6",0.5,0.466666666666667
5,39,"l2","7",0.625,0.5
5,39,"l1","7",0.625,0.733333333333333
5,39,"svmsig","7",0.5,0.0666666666666667
5,39,"svmrad","7",0.125,0.0666666666666667
5,39,"rf","7",0.875,0.866666666666667
5,39,"l2","8",0.571428571428571,0.5
5,39,"l1","8",0.571428571428571,0.5
5,39,"svmsig","8",0.571428571428571,0.166666666666667
5,39,"svmrad","8",0.285714285714286,0.166666666666667
5,39,"rf","8",0.714285714285714,0.916666666666667
5,39,"l2","9",0.5,0.533333333333333
5,39,"l1","9",0.625,0.5
5,39,"svmsig","9",0.5,0.533333333333333
5,39,"svmrad","9",0.625,0.533333333333333
5,39,"rf","9",0.75,0.666666666666667
5,39,"l2","10",0.5,0.5
5,39,"l1","10",0.5,0.5
5,39,"svmsig","10",0.5,0.8125
5,39,"svmrad","10",0.5,0.8125
5,39,"rf","10",0.5,0.59375
5,39,"l2","11",0.625,0.5
5,39,"l1","11",0.625,0.733333333333333
5,39,"svmsig","11",0.125,0.2
5,39,"svmrad","11",0.25,0.2
5,39,"rf","11",0.625,0.866666666666667
5,39,"l2","12",0.571428571428571,1
5,39,"l1","12",0.714285714285714,0.666666666666667
5,39,"svmsig","12",0.714285714285714,0.666666666666667
5,39,"svmrad","12",0.571428571428571,0.666666666666667
5,39,"rf","12",0.714285714285714,1
5,39,"l2","13",0.625,0.333333333333333
5,39,"l1","13",0.625,0.5
5,39,"svmsig","13",0.625,0.533333333333333
5,39,"svmrad","13",0.5,0.466666666666667
5,39,"rf","13",0.5,0.6
5,39,"l2","14",0.571428571428571,0.5
5,39,"l1","14",0.571428571428571,0.5
5,39,"svmsig","14",0.428571428571429,0.416666666666667
5,39,"svmrad","14",0.428571428571429,0.583333333333333
5,39,"rf","14",0.428571428571429,0.583333333333333
5,39,"l2","15",0.555555555555556,0.5
5,39,"l1","15",0.555555555555556,0.5
5,39,"svmsig","15",0.555555555555556,0.5
5,39,"svmrad","15",0.555555555555556,0.5
5,39,"rf","15",0.555555555555556,0.5
5,39,"l2","16",0.444444444444444,0.6
5,39,"l1","16",0.555555555555556,0.5
5,39,"svmsig","16",0.444444444444444,0.6
5,39,"svmrad","16",0.555555555555556,0.6
5,39,"rf","16",0.555555555555556,0.65
5,39,"l2","17",0.571428571428571,0.583333333333333
5,39,"l1","17",0.714285714285714,0.5
5,39,"svmsig","17",0.571428571428571,0.333333333333333
5,39,"svmrad","17",0.571428571428571,0.333333333333333
5,39,"rf","17",0.714285714285714,0.666666666666667
5,39,"l2","18",0.625,0.533333333333333
5,39,"l1","18",0.625,0.5
5,39,"svmsig","18",0.625,0.533333333333333
5,39,"svmrad","18",0.5,0.466666666666667
5,39,"rf","18",0.625,0.666666666666667
5,39,"l2","19",0.571428571428571,0.5
5,39,"l1","19",0.571428571428571,0.5
5,39,"svmsig","19",0.571428571428571,0.583333333333333
5,39,"svmrad","19",0.571428571428571,0.416666666666667
5,39,"rf","19",0.571428571428571,0.75
5,39,"l2","20",0.625,0.733333333333333
5,39,"l1","20",0.625,0.5
5,39,"svmsig","20",0.625,0.733333333333333
5,39,"svmrad","20",0.625,0.733333333333333
5,39,"rf","20",0.75,1
5,39,"l2","21",0.5,0.266666666666667
5,39,"l1","21",0.625,0.5
5,39,"svmsig","21",0.5,0.133333333333333
5,39,"svmrad","21",0.625,0.866666666666667
5,39,"rf","21",0.375,0.533333333333333
5,39,"l2","22",0.75,0.6
5,39,"l1","22",0.625,0.5
5,39,"svmsig","22",0.75,0.533333333333333
5,39,"svmrad","22",0.5,0.466666666666667
5,39,"rf","22",0.75,0.6
5,39,"l2","23",0.555555555555556,0.75
5,39,"l1","23",0.666666666666667,0.8
5,39,"svmsig","23",0.666666666666667,0.7
5,39,"svmrad","23",0.555555555555556,0.3
5,39,"rf","23",0.555555555555556,0.7
5,39,"l2","24",0.571428571428571,0.5
5,39,"l1","24",0.571428571428571,0.5
5,39,"svmsig","24",0.571428571428571,0.75
5,39,"svmrad","24",0.571428571428571,0.25
5,39,"rf","24",0.571428571428571,0.75
5,39,"l2","25",0.571428571428571,0.5
5,39,"l1","25",0.714285714285714,0.666666666666667
5,39,"svmsig","25",0.571428571428571,0.75
5,39,"svmrad","25",0.571428571428571,0.25
5,39,"rf","25",0.571428571428571,0.666666666666667
5,39,"l2","26",0.5,0.5
5,39,"l1","26",0.5,0.5
5,39,"svmsig","26",0.375,0.125
5,39,"svmrad","26",0.25,0.125
5,39,"rf","26",0.625,0.5
5,39,"l2","27",0.571428571428571,0.5
5,39,"l1","27",0.571428571428571,0.416666666666667
5,39,"svmsig","27",0.571428571428571,0.5
5,39,"svmrad","27",0.428571428571429,0.5
5,39,"rf","27",0.571428571428571,0.5
5,39,"l2","28",0.625,0.666666666666667
5,39,"l1","28",0.625,0.5
5,39,"svmsig","28",0.625,0.533333333333333
5,39,"svmrad","28",0.625,0.466666666666667
5,39,"rf","28",0.625,0.866666666666667
5,39,"l2","29",0.625,0.466666666666667
5,39,"l1","29",0.625,0.5
5,39,"svmsig","29",0.625,0.466666666666667
5,39,"svmrad","29",0.5,0.533333333333333
5,39,"rf","29",0.625,0.466666666666667
5,39,"l2","30",0.625,0.4
5,39,"l1","30",0.625,0.5
5,39,"svmsig","30",0.5,0.466666666666667
5,39,"svmrad","30",0.625,0.466666666666667
5,39,"rf","30",0.75,0.333333333333333
5,39,"l2","31",0.625,0.5
5,39,"l1","31",0.625,0.5
5,39,"svmsig","31",0.5,0.533333333333333
5,39,"svmrad","31",0.5,0.466666666666667
5,39,"rf","31",0.5,0.6
5,39,"l2","32",0.625,0.5
5,39,"l1","32",0.625,0.5
5,39,"svmsig","32",0.5,0.266666666666667
5,39,"svmrad","32",0.25,0.266666666666667
5,39,"rf","32",0.75,1
5,39,"l2","33",0.714285714285714,0.833333333333333
5,39,"l1","33",0.571428571428571,0.5
5,39,"svmsig","33",0.571428571428571,0.75
5,39,"svmrad","33",0.428571428571429,0.25
5,39,"rf","33",0.857142857142857,0.75
5,39,"l2","34",0.555555555555556,0.5
5,39,"l1","34",0.555555555555556,0.5
5,39,"svmsig","34",0.333333333333333,0.35
5,39,"svmrad","34",0.555555555555556,0.35
5,39,"rf","34",0.555555555555556,0.45
5,39,"l2","35",0.571428571428571,0.5
5,39,"l1","35",0.571428571428571,0.5
5,39,"svmsig","35",0.571428571428571,0.75
5,39,"svmrad","35",0.285714285714286,0.25
5,39,"rf","35",0.714285714285714,0.75
5,39,"l2","36",0.555555555555556,0.55
5,39,"l1","36",0.555555555555556,0.5
5,39,"svmsig","36",0.444444444444444,0.6
5,39,"svmrad","36",0.444444444444444,0.6
5,39,"rf","36",0.444444444444444,0.7
5,39,"l2","37",0.625,0.733333333333333
5,39,"l1","37",0.625,0.666666666666667
5,39,"svmsig","37",0.75,0.733333333333333
5,39,"svmrad","37",0.5,0.266666666666667
5,39,"rf","37",0.75,0.8
5,39,"l2","38",0.571428571428571,0.666666666666667
5,39,"l1","38",0.571428571428571,0.583333333333333
5,39,"svmsig","38",0.714285714285714,0.5
5,39,"svmrad","38",0.571428571428571,0.5
5,39,"rf","38",0.714285714285714,0.833333333333333
5,39,"l2","39",0.571428571428571,0.5
5,39,"l1","39",0.571428571428571,0.5
5,39,"svmsig","39",0.714285714285714,0.75
5,39,"svmrad","39",0.428571428571429,0.25
5,39,"rf","39",0.857142857142857,0.916666666666667
5,39,"l2","40",0.625,0.5
5,39,"l1","40",0.625,0.5
5,39,"svmsig","40",0.625,0.666666666666667
5,39,"svmrad","40",0.75,0.666666666666667
5,39,"rf","40",0.625,0.666666666666667
5,39,"l2","41",0.571428571428571,0.666666666666667
5,39,"l1","41",0.571428571428571,0.5
5,39,"svmsig","41",0.571428571428571,0.583333333333333
5,39,"svmrad","41",0.571428571428571,0.583333333333333
5,39,"rf","41",0.571428571428571,0.75
5,39,"l2","42",0.625,0.666666666666667
5,39,"l1","42",0.625,0.466666666666667
5,39,"svmsig","42",0.625,0.733333333333333
5,39,"svmrad","42",0.625,0.266666666666667
5,39,"rf","42",0.75,0.6
5,39,"l2","43",0.555555555555556,0.5
5,39,"l1","43",0.555555555555556,0.5
5,39,"svmsig","43",0.444444444444444,0.8
5,39,"svmrad","43",0.555555555555556,0.2
5,39,"rf","43",0.777777777777778,0.8
5,39,"l2","44",0.571428571428571,0.0833333333333333
5,39,"l1","44",0.571428571428571,0.5
5,39,"svmsig","44",0.428571428571429,0
5,39,"svmrad","44",0.571428571428571,1
5,39,"rf","44",0.428571428571429,0.166666666666667
5,39,"l2","45",0.625,0.666666666666667
5,39,"l1","45",0.625,0.5
5,39,"svmsig","45",0.625,0.733333333333333
5,39,"svmrad","45",0.5,0.266666666666667
5,39,"rf","45",0.5,0.8
5,39,"l2","46",0.5,0.466666666666667
5,39,"l1","46",0.625,0.333333333333333
5,39,"svmsig","46",0.5,0.466666666666667
5,39,"svmrad","46",0.5,0.533333333333333
5,39,"rf","46",0.5,0.6
5,39,"l2","47",0.5,0.5
5,39,"l1","47",0.5,0.8125
5,39,"svmsig","47",0.5,0.75
5,39,"svmrad","47",0.5,0.25
5,39,"rf","47",0.75,1
5,39,"l2","48",0.625,0.5
5,39,"l1","48",0.625,0.5
5,39,"svmsig","48",0.625,0.266666666666667
5,39,"svmrad","48",0.25,0.266666666666667
5,39,"rf","48",0.5,0.666666666666667
5,39,"l2","49",0.571428571428571,0.583333333333333
5,39,"l1","49",0.714285714285714,0.666666666666667
5,39,"svmsig","49",0.571428571428571,0.416666666666667
5,39,"svmrad","49",0.571428571428571,0.583333333333333
5,39,"rf","49",0.714285714285714,0.458333333333333
5,39,"l2","50",0.625,0.5
5,39,"l1","50",0.625,0.5
5,39,"svmsig","50",0.625,0.333333333333333
5,39,"svmrad","50",0.375,0.333333333333333
5,39,"rf","50",0.625,0.8
6,36,"l2","1",0.571428571428571,0.666666666666667
6,36,"l1","1",0.571428571428571,0.5
6,36,"svmsig","1",0.571428571428571,0.583333333333333
6,36,"svmrad","1",0.571428571428571,0.583333333333333
6,36,"rf","1",0.571428571428571,0.666666666666667
6,36,"l2","2",0.714285714285714,0.75
6,36,"l1","2",0.571428571428571,0.5
6,36,"svmsig","2",0.714285714285714,0.833333333333333
6,36,"svmrad","2",0.714285714285714,0.833333333333333
6,36,"rf","2",0.857142857142857,0.916666666666667
6,36,"l2","3",0.571428571428571,0.833333333333333
6,36,"l1","3",0.571428571428571,0.5
6,36,"svmsig","3",0.571428571428571,0.666666666666667
6,36,"svmrad","3",0.571428571428571,0.666666666666667
6,36,"rf","3",0.714285714285714,0.5
6,36,"l2","4",0.625,0.733333333333333
6,36,"l1","4",0.625,0.5
6,36,"svmsig","4",0.625,0.533333333333333
6,36,"svmrad","4",0.5,0.533333333333333
6,36,"rf","4",0.375,0.466666666666667
6,36,"l2","5",0.571428571428571,0.5
6,36,"l1","5",0.571428571428571,0.5
6,36,"svmsig","5",0.571428571428571,1
6,36,"svmrad","5",0.571428571428571,0
6,36,"rf","5",0.571428571428571,0.833333333333333
6,36,"l2","6",0.571428571428571,0.666666666666667
6,36,"l1","6",0.571428571428571,0.5
6,36,"svmsig","6",0.714285714285714,0.583333333333333
6,36,"svmrad","6",0.714285714285714,0.583333333333333
6,36,"rf","6",0.714285714285714,0.416666666666667
6,36,"l2","7",0.571428571428571,0.666666666666667
6,36,"l1","7",0.571428571428571,0.5
6,36,"svmsig","7",0.428571428571429,0.75
6,36,"svmrad","7",0.428571428571429,0.75
6,36,"rf","7",0.428571428571429,0.5
6,36,"l2","8",0.571428571428571,0.5
6,36,"l1","8",0.571428571428571,0.5
6,36,"svmsig","8",0.571428571428571,0.583333333333333
6,36,"svmrad","8",0.714285714285714,0.583333333333333
6,36,"rf","8",0.285714285714286,0.416666666666667
6,36,"l2","9",0.714285714285714,0.833333333333333
6,36,"l1","9",0.857142857142857,0.916666666666667
6,36,"svmsig","9",0.857142857142857,0.833333333333333
6,36,"svmrad","9",0.571428571428571,0.166666666666667
6,36,"rf","9",0.857142857142857,0.666666666666667
6,36,"l2","10",0.625,0.5
6,36,"l1","10",0.75,0.8
6,36,"svmsig","10",0.75,0.666666666666667
6,36,"svmrad","10",0.75,0.666666666666667
6,36,"rf","10",0.625,0.733333333333333
6,36,"l2","11",0.571428571428571,0.583333333333333
6,36,"l1","11",0.571428571428571,0.5
6,36,"svmsig","11",0.285714285714286,0.5
6,36,"svmrad","11",0.285714285714286,0.5
6,36,"rf","11",0.714285714285714,0.666666666666667
6,36,"l2","12",0.571428571428571,0.5
6,36,"l1","12",0.571428571428571,0.666666666666667
6,36,"svmsig","12",0.571428571428571,0.583333333333333
6,36,"svmrad","12",0.571428571428571,0.583333333333333
6,36,"rf","12",0.571428571428571,0.5
6,36,"l2","13",0.625,0.5
6,36,"l1","13",0.625,0.5
6,36,"svmsig","13",0.625,0.666666666666667
6,36,"svmrad","13",0.625,0.666666666666667
6,36,"rf","13",0.75,0.733333333333333
6,36,"l2","14",0.571428571428571,0.666666666666667
6,36,"l1","14",0.428571428571429,0.416666666666667
6,36,"svmsig","14",0.714285714285714,0.666666666666667
6,36,"svmrad","14",0.714285714285714,0.666666666666667
6,36,"rf","14",0.714285714285714,0.666666666666667
6,36,"l2","15",0.714285714285714,0.916666666666667
6,36,"l1","15",0.714285714285714,0.75
6,36,"svmsig","15",0.857142857142857,0.833333333333333
6,36,"svmrad","15",0.714285714285714,0.833333333333333
6,36,"rf","15",0.714285714285714,0.833333333333333
6,36,"l2","16",0.571428571428571,0.583333333333333
6,36,"l1","16",0.571428571428571,0.666666666666667
6,36,"svmsig","16",0.571428571428571,0.583333333333333
6,36,"svmrad","16",0.571428571428571,0.583333333333333
6,36,"rf","16",0.571428571428571,0.583333333333333
6,36,"l2","17",0.625,0.5
6,36,"l1","17",0.625,0.5
6,36,"svmsig","17",0.75,0.533333333333333
6,36,"svmrad","17",0.625,0.466666666666667
6,36,"rf","17",0.75,0.8
6,36,"l2","18",0.571428571428571,0.916666666666667
6,36,"l1","18",0.571428571428571,0.5
6,36,"svmsig","18",0.857142857142857,0.833333333333333
6,36,"svmrad","18",0.571428571428571,0.833333333333333
6,36,"rf","18",0.857142857142857,0.916666666666667
6,36,"l2","19",0.571428571428571,0.5
6,36,"l1","19",0.571428571428571,0.5
6,36,"svmsig","19",0.285714285714286,0.5
6,36,"svmrad","19",0.285714285714286,0.5
6,36,"rf","19",0.285714285714286,0.416666666666667
6,36,"l2","20",0.428571428571429,0.5
6,36,"l1","20",0.571428571428571,0.5
6,36,"svmsig","20",0.428571428571429,0.416666666666667
6,36,"svmrad","20",0.428571428571429,0.416666666666667
6,36,"rf","20",0.571428571428571,0.25
6,36,"l2","21",0.428571428571429,0.5
6,36,"l1","21",0.285714285714286,0.25
6,36,"svmsig","21",0.428571428571429,0.583333333333333
6,36,"svmrad","21",0.428571428571429,0.583333333333333
6,36,"rf","21",0.428571428571429,0.5
6,36,"l2","22",0.625,0.5
6,36,"l1","22",0.625,0.333333333333333
6,36,"svmsig","22",0.5,0.266666666666667
6,36,"svmrad","22",0.625,0.733333333333333
6,36,"rf","22",0.625,0.533333333333333
6,36,"l2","23",0.571428571428571,0.75
6,36,"l1","23",0.571428571428571,0.5
6,36,"svmsig","23",0.428571428571429,0.75
6,36,"svmrad","23",0.571428571428571,0.75
6,36,"rf","23",0.714285714285714,0.666666666666667
6,36,"l2","24",0.571428571428571,0.666666666666667
6,36,"l1","24",0.571428571428571,0.791666666666667
6,36,"svmsig","24",0.428571428571429,0.5
6,36,"svmrad","24",0.571428571428571,0.5
6,36,"rf","24",0.571428571428571,0.75
6,36,"l2","25",0.571428571428571,0.666666666666667
6,36,"l1","25",0.571428571428571,0.5
6,36,"svmsig","25",0.571428571428571,0.583333333333333
6,36,"svmrad","25",0.571428571428571,0.583333333333333
6,36,"rf","25",0.571428571428571,0.666666666666667
6,36,"l2","26",0.714285714285714,0.666666666666667
6,36,"l1","26",0.571428571428571,0.5
6,36,"svmsig","26",0.714285714285714,0.583333333333333
6,36,"svmrad","26",0.571428571428571,0.583333333333333
6,36,"rf","26",0.714285714285714,0.75
6,36,"l2","27",0.428571428571429,0.583333333333333
6,36,"l1","27",0.571428571428571,0.5
6,36,"svmsig","27",0.428571428571429,0.666666666666667
6,36,"svmrad","27",0.428571428571429,0.666666666666667
6,36,"rf","27",0.428571428571429,0.5
6,36,"l2","28",0.571428571428571,0.5
6,36,"l1","28",0.571428571428571,0.5
6,36,"svmsig","28",0.428571428571429,0.5
6,36,"svmrad","28",0.428571428571429,0.5
6,36,"rf","28",0.571428571428571,0.5
6,36,"l2","29",0.571428571428571,0.666666666666667
6,36,"l1","29",0.285714285714286,0.5
6,36,"svmsig","29",0.571428571428571,0.75
6,36,"svmrad","29",0.714285714285714,0.75
6,36,"rf","29",0.714285714285714,0.666666666666667
6,36,"l2","30",0.625,0.466666666666667
6,36,"l1","30",0.625,0.5
6,36,"svmsig","30",0.375,0.4
6,36,"svmrad","30",0.5,0.4
6,36,"rf","30",0.5,0.533333333333333
6,36,"l2","31",0.285714285714286,0.333333333333333
6,36,"l1","31",0.428571428571429,0.25
6,36,"svmsig","31",0.428571428571429,0.25
6,36,"svmrad","31",0.428571428571429,0.25
6,36,"rf","31",0.428571428571429,0.416666666666667
6,36,"l2","32",0.625,0.5
6,36,"l1","32",0.625,0.5
6,36,"svmsig","32",0.75,0.733333333333333
6,36,"svmrad","32",0.75,0.733333333333333
6,36,"rf","32",0.625,0.666666666666667
6,36,"l2","33",0.714285714285714,0.833333333333333
6,36,"l1","33",0.714285714285714,0.583333333333333
6,36,"svmsig","33",0.714285714285714,0.833333333333333
6,36,"svmrad","33",0.714285714285714,0.833333333333333
6,36,"rf","33",0.857142857142857,1
6,36,"l2","34",0.428571428571429,0.0833333333333333
6,36,"l1","34",0.571428571428571,0.5
6,36,"svmsig","34",0.285714285714286,0
6,36,"svmrad","34",0.285714285714286,0
6,36,"rf","34",0.428571428571429,0.25
6,36,"l2","35",0.571428571428571,0.833333333333333
6,36,"l1","35",0.571428571428571,0.666666666666667
6,36,"svmsig","35",0.571428571428571,0.833333333333333
6,36,"svmrad","35",0.571428571428571,0.833333333333333
6,36,"rf","35",0.571428571428571,0.833333333333333
6,36,"l2","36",0.571428571428571,0.75
6,36,"l1","36",0.571428571428571,0.5
6,36,"svmsig","36",0.857142857142857,0.916666666666667
6,36,"svmrad","36",0.714285714285714,0.916666666666667
6,36,"rf","36",0.857142857142857,0.916666666666667
6,36,"l2","37",0.571428571428571,0.5
6,36,"l1","37",0.571428571428571,0.5
6,36,"svmsig","37",0.428571428571429,0.5
6,36,"svmrad","37",0.428571428571429,0.5
6,36,"rf","37",0.428571428571429,0.333333333333333
6,36,"l2","38",0.571428571428571,0.5
6,36,"l1","38",0.571428571428571,0.5
6,36,"svmsig","38",0.714285714285714,0.666666666666667
6,36,"svmrad","38",0.428571428571429,0.333333333333333
6,36,"rf","38",0.857142857142857,0.833333333333333
6,36,"l2","39",0.428571428571429,0.5
6,36,"l1","39",0.428571428571429,0.416666666666667
6,36,"svmsig","39",0.285714285714286,0.5
6,36,"svmrad","39",0.428571428571429,0.5
6,36,"rf","39",0.285714285714286,0.5
6,36,"l2","40",0.625,0.733333333333333
6,36,"l1","40",0.625,0.5
6,36,"svmsig","40",0.875,0.866666666666667
6,36,"svmrad","40",0.75,0.866666666666667
6,36,"rf","40",0.875,1
6,36,"l2","41",0.571428571428571,0.5
6,36,"l1","41",0.571428571428571,0.583333333333333
6,36,"svmsig","41",0.571428571428571,0.833333333333333
6,36,"svmrad","41",0.428571428571429,0.166666666666667
6,36,"rf","41",0.571428571428571,0.833333333333333
6,36,"l2","42",0.571428571428571,0.666666666666667
6,36,"l1","42",0.714285714285714,0.666666666666667
6,36,"svmsig","42",0.571428571428571,0.75
6,36,"svmrad","42",0.571428571428571,0.75
6,36,"rf","42",0.571428571428571,0.708333333333333
6,36,"l2","43",0.5,0.266666666666667
6,36,"l1","43",0.625,0.5
6,36,"svmsig","43",0.5,0.466666666666667
6,36,"svmrad","43",0.5,0.466666666666667
6,36,"rf","43",0.5,0.466666666666667
6,36,"l2","44",0.571428571428571,0.833333333333333
6,36,"l1","44",0.571428571428571,0.5
6,36,"svmsig","44",0.714285714285714,0.833333333333333
6,36,"svmrad","44",0.571428571428571,0.833333333333333
6,36,"rf","44",0.714285714285714,0.75
6,36,"l2","45",0.571428571428571,0.666666666666667
6,36,"l1","45",0.571428571428571,0.5
6,36,"svmsig","45",0.428571428571429,0.5
6,36,"svmrad","45",0.571428571428571,0.5
6,36,"rf","45",0.428571428571429,0.583333333333333
6,36,"l2","46",0.428571428571429,0.5
6,36,"l1","46",0.571428571428571,0.5
6,36,"svmsig","46",0.428571428571429,0.416666666666667
6,36,"svmrad","46",0.428571428571429,0.416666666666667
6,36,"rf","46",0.285714285714286,0.5
6,36,"l2","47",0.571428571428571,0.666666666666667
6,36,"l1","47",0.571428571428571,0.5
6,36,"svmsig","47",0.571428571428571,0.75
6,36,"svmrad","47",0.571428571428571,0.75
6,36,"rf","47",0.571428571428571,0.333333333333333
6,36,"l2","48",0.625,0.866666666666667
6,36,"l1","48",0.625,0.5
6,36,"svmsig","48",0.625,0.933333333333333
6,36,"svmrad","48",0.625,0.933333333333333
6,36,"rf","48",0.75,0.8
6,36,"l2","49",0.571428571428571,1
6,36,"l1","49",0.571428571428571,0.5
6,36,"svmsig","49",0.857142857142857,0.75
6,36,"svmrad","49",0.857142857142857,0.75
6,36,"rf","49",0.571428571428571,0.75
6,36,"l2","50",0.571428571428571,0.75
6,36,"l1","50",0.571428571428571,0.5
6,36,"svmsig","50",0.714285714285714,0.666666666666667
6,36,"svmrad","50",0.714285714285714,0.666666666666667
6,36,"rf","50",0.714285714285714,0.75
7,33,"l2","1",0.571428571428571,0.416666666666667
7,33,"l1","1",0.571428571428571,0.458333333333333
7,33,"svmsig","1",0.571428571428571,0.416666666666667
7,33,"svmrad","1",0.571428571428571,0.416666666666667
7,33,"rf","1",0.571428571428571,0.416666666666667
7,33,"l2","2",0.571428571428571,0.5
7,33,"l1","2",0.571428571428571,0.5
7,33,"svmsig","2",0.285714285714286,0.166666666666667
7,33,"svmrad","2",0.571428571428571,0.833333333333333
7,33,"rf","2",0.714285714285714,0.583333333333333
7,33,"l2","3",0.666666666666667,0.444444444444444
7,33,"l1","3",0.666666666666667,0.333333333333333
7,33,"svmsig","3",0.5,0.444444444444444
7,33,"svmrad","3",0.5,0.444444444444444
7,33,"rf","3",0.5,0.555555555555556
7,33,"l2","4",0.571428571428571,0.5
7,33,"l1","4",0.571428571428571,0.5
7,33,"svmsig","4",0.571428571428571,0.0833333333333333
7,33,"svmrad","4",0.571428571428571,0.0833333333333333
7,33,"rf","4",0.857142857142857,1
7,33,"l2","5",0.666666666666667,0.5
7,33,"l1","5",0.666666666666667,0.5
7,33,"svmsig","5",0.666666666666667,0.375
7,33,"svmrad","5",0.666666666666667,0.375
7,33,"rf","5",0.333333333333333,0.5
7,33,"l2","6",0.5,0.444444444444444
7,33,"l1","6",0.5,0.5
7,33,"svmsig","6",0.333333333333333,0.444444444444444
7,33,"svmrad","6",0.333333333333333,0.444444444444444
7,33,"rf","6",0.333333333333333,0.111111111111111
7,33,"l2","7",0.666666666666667,1
7,33,"l1","7",0.666666666666667,0.5
7,33,"svmsig","7",0.833333333333333,1
7,33,"svmrad","7",0.833333333333333,1
7,33,"rf","7",1,1
7,33,"l2","8",0.428571428571429,0.166666666666667
7,33,"l1","8",0.571428571428571,0.5
7,33,"svmsig","8",0.571428571428571,0.166666666666667
7,33,"svmrad","8",0.428571428571429,0.166666666666667
7,33,"rf","8",0.285714285714286,0.25
7,33,"l2","9",0.571428571428571,0.666666666666667
7,33,"l1","9",0.571428571428571,0.5
7,33,"svmsig","9",0.571428571428571,0.666666666666667
7,33,"svmrad","9",0.571428571428571,0.666666666666667
7,33,"rf","9",0.714285714285714,0.666666666666667
7,33,"l2","10",0.571428571428571,0.5
7,33,"l1","10",0.571428571428571,0.75
7,33,"svmsig","10",0.571428571428571,0.166666666666667
7,33,"svmrad","10",0.571428571428571,0.833333333333333
7,33,"rf","10",0.857142857142857,1
7,33,"l2","11",0.571428571428571,0.916666666666667
7,33,"l1","11",0.571428571428571,0.5
7,33,"svmsig","11",0.571428571428571,0.666666666666667
7,33,"svmrad","11",0.571428571428571,0.666666666666667
7,33,"rf","11",0.714285714285714,0.583333333333333
7,33,"l2","12",0.571428571428571,0.5
7,33,"l1","12",0.571428571428571,0.5
7,33,"svmsig","12",0.428571428571429,0.0833333333333333
7,33,"svmrad","12",0.571428571428571,0.0833333333333333
7,33,"rf","12",0.857142857142857,0.916666666666667
7,33,"l2","13",0.571428571428571,0.5
7,33,"l1","13",0.571428571428571,0.5
7,33,"svmsig","13",0.571428571428571,0.583333333333333
7,33,"svmrad","13",0.571428571428571,0.583333333333333
7,33,"rf","13",0.428571428571429,0.5
7,33,"l2","14",0.5,0.625
7,33,"l1","14",0.5,0.5
7,33,"svmsig","14",0.5,0.5
7,33,"svmrad","14",0.5,0.5
7,33,"rf","14",0.666666666666667,0.5
7,33,"l2","15",0.5,0.333333333333333
7,33,"l1","15",0.5,0.5
7,33,"svmsig","15",0.333333333333333,0.333333333333333
7,33,"svmrad","15",0.333333333333333,0.333333333333333
7,33,"rf","15",0.5,0.444444444444444
7,33,"l2","16",0.714285714285714,0.583333333333333
7,33,"l1","16",0.571428571428571,0.5
7,33,"svmsig","16",0.714285714285714,0.5
7,33,"svmrad","16",0.428571428571429,0.5
7,33,"rf","16",0.428571428571429,0.458333333333333
7,33,"l2","17",0.714285714285714,0.5
7,33,"l1","17",0.571428571428571,0.5
7,33,"svmsig","17",0.714285714285714,0.666666666666667
7,33,"svmrad","17",0.571428571428571,0.666666666666667
7,33,"rf","17",0.857142857142857,1
7,33,"l2","18",0.428571428571429,0.25
7,33,"l1","18",0.428571428571429,0.333333333333333
7,33,"svmsig","18",0.428571428571429,0.25
7,33,"svmrad","18",0.428571428571429,0.25
7,33,"rf","18",0.428571428571429,0.583333333333333
7,33,"l2","19",0.571428571428571,0.5
7,33,"l1","19",0.571428571428571,0.5
7,33,"svmsig","19",0.571428571428571,0.833333333333333
7,33,"svmrad","19",0.571428571428571,0.833333333333333
7,33,"rf","19",0.571428571428571,0.666666666666667
7,33,"l2","20",0.6,0.5
7,33,"l1","20",0.6,0.5
7,33,"svmsig","20",1,1
7,33,"svmrad","20",1,1
7,33,"rf","20",0.8,0.833333333333333
7,33,"l2","21",0.571428571428571,0.833333333333333
7,33,"l1","21",0.571428571428571,0.75
7,33,"svmsig","21",0.285714285714286,0.166666666666667
7,33,"svmrad","21",0.571428571428571,0.166666666666667
7,33,"rf","21",0.857142857142857,0.916666666666667
7,33,"l2","22",0.5,0.444444444444444
7,33,"l1","22",0.5,0.5
7,33,"svmsig","22",0.5,0.444444444444444
7,33,"svmrad","22",0.5,0.444444444444444
7,33,"rf","22",0.333333333333333,0.444444444444444
7,33,"l2","23",0.666666666666667,0.375
7,33,"l1","23",0.5,0.25
7,33,"svmsig","23",0.5,0.375
7,33,"svmrad","23",0.5,0.375
7,33,"rf","23",0.5,0.5
7,33,"l2","24",0.571428571428571,0.5
7,33,"l1","24",0.714285714285714,0.666666666666667
7,33,"svmsig","24",0.571428571428571,0.583333333333333
7,33,"svmrad","24",0.571428571428571,0.583333333333333
7,33,"rf","24",0.571428571428571,0.666666666666667
7,33,"l2","25",0.571428571428571,0.5
7,33,"l1","25",0.571428571428571,0.5
7,33,"svmsig","25",0.571428571428571,0.333333333333333
7,33,"svmrad","25",0.285714285714286,0.333333333333333
7,33,"rf","25",0.571428571428571,0.5
7,33,"l2","26",0.571428571428571,0.916666666666667
7,33,"l1","26",0.571428571428571,0.5
7,33,"svmsig","26",0.571428571428571,0.75
7,33,"svmrad","26",0.714285714285714,0.75
7,33,"rf","26",0.857142857142857,0.916666666666667
7,33,"l2","27",0.666666666666667,0.625
7,33,"l1","27",0.5,0.75
7,33,"svmsig","27",0.5,0.625
7,33,"svmrad","27",0.5,0.625
7,33,"rf","27",0.666666666666667,0.625
7,33,"l2","28",0.571428571428571,0.583333333333333
7,33,"l1","28",0.571428571428571,0.5
7,33,"svmsig","28",0.571428571428571,0.666666666666667
7,33,"svmrad","28",0.571428571428571,0.666666666666667
7,33,"rf","28",0.714285714285714,0.75
7,33,"l2","29",0.5,0.5
7,33,"l1","29",0.5,0.5
7,33,"svmsig","29",0.5,0.777777777777778
7,33,"svmrad","29",0.5,0.777777777777778
7,33,"rf","29",0.666666666666667,0.333333333333333
7,33,"l2","30",0.571428571428571,0.5
7,33,"l1","30",0.571428571428571,0.5
7,33,"svmsig","30",0.714285714285714,0.666666666666667
7,33,"svmrad","30",0.571428571428571,0.666666666666667
7,33,"rf","30",0.571428571428571,1
7,33,"l2","31",0.666666666666667,0.777777777777778
7,33,"l1","31",0.5,0.5
7,33,"svmsig","31",0.5,0.777777777777778
7,33,"svmrad","31",0.5,0.777777777777778
7,33,"rf","31",0.5,0.777777777777778
7,33,"l2","32",0.428571428571429,0.5
7,33,"l1","32",0.571428571428571,0.5
7,33,"svmsig","32",0.428571428571429,0.5
7,33,"svmrad","32",0.428571428571429,0.5
7,33,"rf","32",0.428571428571429,0.5
7,33,"l2","33",0.571428571428571,0.5
7,33,"l1","33",0.571428571428571,0.5
7,33,"svmsig","33",0.714285714285714,0.833333333333333
7,33,"svmrad","33",0.571428571428571,0.833333333333333
7,33,"rf","33",0.714285714285714,0.666666666666667
7,33,"l2","34",0.571428571428571,0.5
7,33,"l1","34",0.571428571428571,0.5
7,33,"svmsig","34",0.428571428571429,0.166666666666667
7,33,"svmrad","34",0.571428571428571,0.833333333333333
7,33,"rf","34",0.571428571428571,0.916666666666667
7,33,"l2","35",0.666666666666667,0.625
7,33,"l1","35",0.666666666666667,0.625
7,33,"svmsig","35",0.666666666666667,0.5
7,33,"svmrad","35",0.833333333333333,0.5
7,33,"rf","35",0.666666666666667,0.625
7,33,"l2","36",0.571428571428571,0.5
7,33,"l1","36",0.571428571428571,0.5
7,33,"svmsig","36",0.571428571428571,0.833333333333333
7,33,"svmrad","36",0.571428571428571,0.833333333333333
7,33,"rf","36",0.571428571428571,0.666666666666667
7,33,"l2","37",0.5,0.5
7,33,"l1","37",0.5,0.5
7,33,"svmsig","37",0.833333333333333,0.888888888888889
7,33,"svmrad","37",0.5,0.111111111111111
7,33,"rf","37",0.666666666666667,0.777777777777778
7,33,"l2","38",0.666666666666667,1
7,33,"l1","38",0.333333333333333,0.25
7,33,"svmsig","38",0.833333333333333,0.875
7,33,"svmrad","38",0.666666666666667,0.875
7,33,"rf","38",0.666666666666667,0.75
7,33,"l2","39",0.428571428571429,0.333333333333333
7,33,"l1","39",0.428571428571429,0.5
7,33,"svmsig","39",0.428571428571429,0.5
7,33,"svmrad","39",0.428571428571429,0.5
7,33,"rf","39",0.285714285714286,0.416666666666667
7,33,"l2","40",0.571428571428571,0.5
7,33,"l1","40",0.571428571428571,0.5
7,33,"svmsig","40",0.428571428571429,0.416666666666667
7,33,"svmrad","40",0.428571428571429,0.416666666666667
7,33,"rf","40",0.428571428571429,0.5
7,33,"l2","41",0.571428571428571,0.5
7,33,"l1","41",0.571428571428571,0.5
7,33,"svmsig","41",0.571428571428571,0
7,33,"svmrad","41",0.571428571428571,0
7,33,"rf","41",0.571428571428571,0.75
7,33,"l2","42",0.5,0.444444444444444
7,33,"l1","42",0.5,0.222222222222222
7,33,"svmsig","42",0.333333333333333,0.444444444444444
7,33,"svmrad","42",0.5,0.444444444444444
7,33,"rf","42",0.5,0.666666666666667
7,33,"l2","43",0.571428571428571,0.5
7,33,"l1","43",0.571428571428571,0.5
7,33,"svmsig","43",0.285714285714286,0.166666666666667
7,33,"svmrad","43",0.571428571428571,0.833333333333333
7,33,"rf","43",0.714285714285714,1
7,33,"l2","44",0.571428571428571,0.666666666666667
7,33,"l1","44",0.571428571428571,0.5
7,33,"svmsig","44",0.714285714285714,0.583333333333333
7,33,"svmrad","44",0.571428571428571,0.583333333333333
7,33,"rf","44",0.571428571428571,0.666666666666667
7,33,"l2","45",0.666666666666667,0.875
7,33,"l1","45",0.666666666666667,0.5
7,33,"svmsig","45",0.833333333333333,0.75
7,33,"svmrad","45",0.666666666666667,0.75
7,33,"rf","45",0.5,0.5
7,33,"l2","46",0.666666666666667,0.5
7,33,"l1","46",0.666666666666667,0.6875
7,33,"svmsig","46",0.666666666666667,0.75
7,33,"svmrad","46",0.666666666666667,0.75
7,33,"rf","46",0.666666666666667,0.75
7,33,"l2","47",0.571428571428571,0.75
7,33,"l1","47",0.714285714285714,0.666666666666667
7,33,"svmsig","47",0.571428571428571,0.75
7,33,"svmrad","47",0.571428571428571,0.75
7,33,"rf","47",0.714285714285714,0.583333333333333
7,33,"l2","48",0.5,0.5
7,33,"l1","48",0.5,0.5
7,33,"svmsig","48",0.833333333333333,0.666666666666667
7,33,"svmrad","48",0.5,0.666666666666667
7,33,"rf","48",0.833333333333333,0.722222222222222
7,33,"l2","49",0.571428571428571,0.416666666666667
7,33,"l1","49",0.571428571428571,0.5
7,33,"svmsig","49",0.714285714285714,0.416666666666667
7,33,"svmrad","49",0.571428571428571,0.416666666666667
7,33,"rf","49",0.857142857142857,0.75
7,33,"l2","50",0.571428571428571,0.5
7,33,"l1","50",0.571428571428571,0.5
7,33,"svmsig","50",0.571428571428571,0
7,33,"svmrad","50",0.571428571428571,0
7,33,"rf","50",0.714285714285714,0.75
8,31,"l2","1",0.6,0.833333333333333
8,31,"l1","1",0.6,1
8,31,"svmsig","1",0.6,0.166666666666667
8,31,"svmrad","1",0.8,0.833333333333333
8,31,"rf","1",1,1
8,31,"l2","2",0.571428571428571,0.333333333333333
8,31,"l1","2",0.571428571428571,0.5
8,31,"svmsig","2",0.428571428571429,0.333333333333333
8,31,"svmrad","2",0.428571428571429,0.333333333333333
8,31,"rf","2",0.142857142857143,0.166666666666667
8,31,"l2","3",0.571428571428571,0.666666666666667
8,31,"l1","3",0.571428571428571,0.5
8,31,"svmsig","3",0.571428571428571,0.666666666666667
8,31,"svmrad","3",0.571428571428571,0.666666666666667
8,31,"rf","3",0.571428571428571,0.75
8,31,"l2","4",0.857142857142857,0.75
8,31,"l1","4",0.428571428571429,0.5
8,31,"svmsig","4",0.714285714285714,0.75
8,31,"svmrad","4",0.714285714285714,0.75
8,31,"rf","4",0.714285714285714,0.916666666666667
8,31,"l2","5",0.6,0.833333333333333
8,31,"l1","5",0.6,0.5
8,31,"svmsig","5",0.6,0.666666666666667
8,31,"svmrad","5",0.6,0.666666666666667
8,31,"rf","5",0.6,0.666666666666667
8,31,"l2","6",0.8,0.833333333333333
8,31,"l1","6",0.6,0.5
8,31,"svmsig","6",0.8,0.833333333333333
8,31,"svmrad","6",0.8,0.833333333333333
8,31,"rf","6",0.8,0.833333333333333
8,31,"l2","7",0.428571428571429,0.583333333333333
8,31,"l1","7",0.428571428571429,0.25
8,31,"svmsig","7",0.428571428571429,0.5
8,31,"svmrad","7",0.428571428571429,0.5
8,31,"rf","7",0.428571428571429,0.583333333333333
8,31,"l2","8",0.666666666666667,0.5
8,31,"l1","8",0.666666666666667,0.5
8,31,"svmsig","8",0.5,0.5
8,31,"svmrad","8",0.5,0.5
8,31,"rf","8",0.333333333333333,0.125
8,31,"l2","9",0.5,0.777777777777778
8,31,"l1","9",0.5,0.5
8,31,"svmsig","9",0.666666666666667,0.777777777777778
8,31,"svmrad","9",0.666666666666667,0.777777777777778
8,31,"rf","9",0.5,0.777777777777778
8,31,"l2","10",0.571428571428571,0.666666666666667
8,31,"l1","10",0.571428571428571,0.5
8,31,"svmsig","10",0.571428571428571,0.666666666666667
8,31,"svmrad","10",0.714285714285714,0.666666666666667
8,31,"rf","10",0.714285714285714,0.833333333333333
8,31,"l2","11",0.571428571428571,0.583333333333333
8,31,"l1","11",0.571428571428571,0.5
8,31,"svmsig","11",0.571428571428571,0.666666666666667
8,31,"svmrad","11",0.571428571428571,0.666666666666667
8,31,"rf","11",0.571428571428571,0.583333333333333
8,31,"l2","12",0.571428571428571,0.833333333333333
8,31,"l1","12",0.714285714285714,0.833333333333333
8,31,"svmsig","12",0.571428571428571,0.833333333333333
8,31,"svmrad","12",0.571428571428571,0.833333333333333
8,31,"rf","12",0.571428571428571,0.833333333333333
8,31,"l2","13",0.571428571428571,0.666666666666667
8,31,"l1","13",0.571428571428571,0.5
8,31,"svmsig","13",0.571428571428571,0.75
8,31,"svmrad","13",0.571428571428571,0.75
8,31,"rf","13",0.714285714285714,0.875
8,31,"l2","14",0.2,0
8,31,"l1","14",0.6,0.5
8,31,"svmsig","14",0,0
8,31,"svmrad","14",0.2,0
8,31,"rf","14",0.2,0.333333333333333
8,31,"l2","15",0.4,0.333333333333333
8,31,"l1","15",0.4,0.5
8,31,"svmsig","15",0.4,0.333333333333333
8,31,"svmrad","15",0.4,0.333333333333333
8,31,"rf","15",0.2,0.333333333333333
8,31,"l2","16",0.571428571428571,0.5
8,31,"l1","16",0.571428571428571,0.583333333333333
8,31,"svmsig","16",0.571428571428571,0.583333333333333
8,31,"svmrad","16",0.571428571428571,0.583333333333333
8,31,"rf","16",0.285714285714286,0.333333333333333
8,31,"l2","17",0.571428571428571,0.583333333333333
8,31,"l1","17",0.571428571428571,0.458333333333333
8,31,"svmsig","17",0.571428571428571,0.5
8,31,"svmrad","17",0.571428571428571,0.5
8,31,"rf","17",0.571428571428571,0.5
8,31,"l2","18",0.6,0.333333333333333
8,31,"l1","18",0.6,0.416666666666667
8,31,"svmsig","18",0.6,0.166666666666667
8,31,"svmrad","18",0.4,0.166666666666667
8,31,"rf","18",0.4,0.666666666666667
8,31,"l2","19",0.833333333333333,0.75
8,31,"l1","19",0.666666666666667,0.5
8,31,"svmsig","19",0.666666666666667,0.75
8,31,"svmrad","19",0.833333333333333,0.75
8,31,"rf","19",0.666666666666667,0.5
8,31,"l2","20",0.5,1
8,31,"l1","20",0.5,0.333333333333333
8,31,"svmsig","20",0.833333333333333,1
8,31,"svmrad","20",0.833333333333333,1
8,31,"rf","20",0.666666666666667,1
8,31,"l2","21",0.571428571428571,0.75
8,31,"l1","21",0.571428571428571,0.5
8,31,"svmsig","21",0.571428571428571,0.666666666666667
8,31,"svmrad","21",0.571428571428571,0.666666666666667
8,31,"rf","21",0.571428571428571,0.666666666666667
8,31,"l2","22",0.666666666666667,0.75
8,31,"l1","22",0.666666666666667,0.5
8,31,"svmsig","22",0.666666666666667,0.75
8,31,"svmrad","22",0.666666666666667,0.75
8,31,"rf","22",0.5,0.75
8,31,"l2","23",0.5,0.888888888888889
8,31,"l1","23",0.5,0.5
8,31,"svmsig","23",0.5,0.888888888888889
8,31,"svmrad","23",0.5,0.888888888888889
8,31,"rf","23",0.5,1
8,31,"l2","24",0.6,0.5
8,31,"l1","24",0.6,0.5
8,31,"svmsig","24",0.6,0.5
8,31,"svmrad","24",0.4,0.5
8,31,"rf","24",0.4,0.333333333333333
8,31,"l2","25",0.714285714285714,0.666666666666667
8,31,"l1","25",0.714285714285714,0.416666666666667
8,31,"svmsig","25",0.714285714285714,0.666666666666667
8,31,"svmrad","25",0.714285714285714,0.666666666666667
8,31,"rf","25",0.857142857142857,0.75
8,31,"l2","26",0.571428571428571,0.583333333333333
8,31,"l1","26",0.571428571428571,0.5
8,31,"svmsig","26",0.571428571428571,0.583333333333333
8,31,"svmrad","26",0.571428571428571,0.583333333333333
8,31,"rf","26",0.571428571428571,0.833333333333333
8,31,"l2","27",0.5,0.625
8,31,"l1","27",0.666666666666667,0.5
8,31,"svmsig","27",0.5,0.5
8,31,"svmrad","27",0.5,0.5
8,31,"rf","27",0.5,0.75
8,31,"l2","28",0.5,0.333333333333333
8,31,"l1","28",0.5,0.444444444444444
8,31,"svmsig","28",0.5,0.555555555555556
8,31,"svmrad","28",0.5,0.555555555555556
8,31,"rf","28",0.5,0.555555555555556
8,31,"l2","29",0.6,0.833333333333333
8,31,"l1","29",0.6,0.5
8,31,"svmsig","29",0.6,1
8,31,"svmrad","29",0.8,1
8,31,"rf","29",0.8,1
8,31,"l2","30",0.857142857142857,1
8,31,"l1","30",0.571428571428571,0.541666666666667
8,31,"svmsig","30",0.714285714285714,0.833333333333333
8,31,"svmrad","30",0.714285714285714,0.833333333333333
8,31,"rf","30",0.571428571428571,0.75
8,31,"l2","31",0.666666666666667,0.666666666666667
8,31,"l1","31",0.5,0.5
8,31,"svmsig","31",0.5,0.555555555555556
8,31,"svmrad","31",0.5,0.555555555555556
8,31,"rf","31",0.5,0.611111111111111
8,31,"l2","32",0.5,0.888888888888889
8,31,"l1","32",0.5,0.5
8,31,"svmsig","32",0.5,0.777777777777778
8,31,"svmrad","32",0.5,0.777777777777778
8,31,"rf","32",0.5,1
8,31,"l2","33",0.833333333333333,1
8,31,"l1","33",0.666666666666667,0.5
8,31,"svmsig","33",0.166666666666667,0
8,31,"svmrad","33",0.666666666666667,1
8,31,"rf","33",0.666666666666667,0.625
8,31,"l2","34",0.666666666666667,0.875
8,31,"l1","34",0.666666666666667,0.625
8,31,"svmsig","34",0.5,0.75
8,31,"svmrad","34",0.666666666666667,0.75
8,31,"rf","34",0.833333333333333,0.8125
8,31,"l2","35",0.571428571428571,0.666666666666667
8,31,"l1","35",0.571428571428571,0.5
8,31,"svmsig","35",0.571428571428571,0.833333333333333
8,31,"svmrad","35",0.571428571428571,0.833333333333333
8,31,"rf","35",0.714285714285714,0.75
8,31,"l2","36",0.5,1
8,31,"l1","36",0.5,0.5
8,31,"svmsig","36",0.666666666666667,1
8,31,"svmrad","36",0.5,1
8,31,"rf","36",0.833333333333333,1
8,31,"l2","37",0.833333333333333,1
8,31,"l1","37",0.666666666666667,0.5
8,31,"svmsig","37",0.666666666666667,0.75
8,31,"svmrad","37",0.666666666666667,0.75
8,31,"rf","37",0.166666666666667,0
8,31,"l2","38",0.666666666666667,0.75
8,31,"l1","38",0.666666666666667,0.875
8,31,"svmsig","38",0.666666666666667,0.75
8,31,"svmrad","38",0.666666666666667,0.75
8,31,"rf","38",0.666666666666667,0.875
8,31,"l2","39",0.5,0.555555555555556
8,31,"l1","39",0.5,0.5
8,31,"svmsig","39",0.666666666666667,0.666666666666667
8,31,"svmrad","39",0.666666666666667,0.666666666666667
8,31,"rf","39",0.666666666666667,0.555555555555556
8,31,"l2","40",0.571428571428571,0.416666666666667
8,31,"l1","40",0.428571428571429,0.25
8,31,"svmsig","40",0.428571428571429,0.333333333333333
8,31,"svmrad","40",0.428571428571429,0.333333333333333
8,31,"rf","40",0.285714285714286,0.25
8,31,"l2","41",0.666666666666667,0.75
8,31,"l1","41",0.666666666666667,0.5
8,31,"svmsig","41",0.666666666666667,0.625
8,31,"svmrad","41",0.666666666666667,0.625
8,31,"rf","41",0.833333333333333,0.625
8,31,"l2","42",0.666666666666667,0.777777777777778
8,31,"l1","42",0.5,0.5
8,31,"svmsig","42",0.333333333333333,0.555555555555556
8,31,"svmrad","42",0.5,0.555555555555556
8,31,"rf","42",0.666666666666667,0.777777777777778
8,31,"l2","43",0.833333333333333,1
8,31,"l1","43",0.666666666666667,0.5
8,31,"svmsig","43",0.833333333333333,0.875
8,31,"svmrad","43",0.833333333333333,0.875
8,31,"rf","43",0.833333333333333,0.6875
8,31,"l2","44",0.5,0.888888888888889
8,31,"l1","44",0.5,0.777777777777778
8,31,"svmsig","44",0.833333333333333,0.888888888888889
8,31,"svmrad","44",0.833333333333333,0.888888888888889
8,31,"rf","44",0.666666666666667,1
8,31,"l2","45",0.571428571428571,0.5
8,31,"l1","45",0.571428571428571,0.5
8,31,"svmsig","45",0.571428571428571,0.5
8,31,"svmrad","45",0.571428571428571,0.5
8,31,"rf","45",0.571428571428571,0.583333333333333
8,31,"l2","46",0.571428571428571,0.5
8,31,"l1","46",0.714285714285714,0.75
8,31,"svmsig","46",0.428571428571429,0.416666666666667
8,31,"svmrad","46",0.571428571428571,0.416666666666667
8,31,"rf","46",0.714285714285714,0.75
8,31,"l2","47",0.571428571428571,0.5
8,31,"l1","47",0.571428571428571,0.5
8,31,"svmsig","47",0.714285714285714,0.666666666666667
8,31,"svmrad","47",0.571428571428571,0.666666666666667
8,31,"rf","47",0.571428571428571,0.583333333333333
8,31,"l2","48",0.6,1
8,31,"l1","48",0.6,1
8,31,"svmsig","48",0.6,0
8,31,"svmrad","48",0.6,1
8,31,"rf","48",0.8,1
8,31,"l2","49",0.6,0.666666666666667
8,31,"l1","49",0.6,0.166666666666667
8,31,"svmsig","49",0.6,0.5
8,31,"svmrad","49",0.6,0.5
8,31,"rf","49",0.6,1
8,31,"l2","50",0.571428571428571,0.5
8,31,"l1","50",0.571428571428571,0.5
8,31,"svmsig","50",0.428571428571429,0.5
8,31,"svmrad","50",0.571428571428571,0.5
8,31,"rf","50",0.571428571428571,0.666666666666667
9,29,"l2","1",0.8,1
9,29,"l1","1",0.6,0.5
9,29,"svmsig","1",1,1
9,29,"svmrad","1",0.8,1
9,29,"rf","1",1,1
9,29,"l2","2",0.5,0.5
9,29,"l1","2",0.666666666666667,0.625
9,29,"svmsig","2",0.666666666666667,0.5
9,29,"svmrad","2",0.666666666666667,0.5
9,29,"rf","2",0.666666666666667,0.875
9,29,"l2","3",0.5,0.888888888888889
9,29,"l1","3",0.5,0.5
9,29,"svmsig","3",0.666666666666667,0.777777777777778
9,29,"svmrad","3",0.5,0.777777777777778
9,29,"rf","3",0.5,0.777777777777778
9,29,"l2","4",0.5,0.888888888888889
9,29,"l1","4",0.5,0.5
9,29,"svmsig","4",0.5,0.666666666666667
9,29,"svmrad","4",0.5,0.666666666666667
9,29,"rf","4",0.5,0.722222222222222
9,29,"l2","5",0.5,0.75
9,29,"l1","5",0.666666666666667,0.5
9,29,"svmsig","5",0.5,0.75
9,29,"svmrad","5",0.5,0.75
9,29,"rf","5",0.5,0.5
9,29,"l2","6",0.6,0.5
9,29,"l1","6",0.6,0.5
9,29,"svmsig","6",0.8,1
9,29,"svmrad","6",0.8,1
9,29,"rf","6",1,1
9,29,"l2","7",0.571428571428571,0.75
9,29,"l1","7",0.571428571428571,0.5
9,29,"svmsig","7",0.571428571428571,0.583333333333333
9,29,"svmrad","7",0.428571428571429,0.583333333333333
9,29,"rf","7",0.714285714285714,0.833333333333333
9,29,"l2","8",0.6,0.833333333333333
9,29,"l1","8",0.6,0.666666666666667
9,29,"svmsig","8",0.8,1
9,29,"svmrad","8",0.8,1
9,29,"rf","8",0.8,0.833333333333333
9,29,"l2","9",0.6,0.5
9,29,"l1","9",0.4,0.666666666666667
9,29,"svmsig","9",0.8,0.666666666666667
9,29,"svmrad","9",0.6,0.666666666666667
9,29,"rf","9",0.6,0.333333333333333
9,29,"l2","10",0.571428571428571,0.666666666666667
9,29,"l1","10",0.428571428571429,0.5
9,29,"svmsig","10",0.571428571428571,0.75
9,29,"svmrad","10",0.571428571428571,0.75
9,29,"rf","10",0.714285714285714,0.625
9,29,"l2","11",0.666666666666667,1
9,29,"l1","11",0.666666666666667,0.875
9,29,"svmsig","11",0.666666666666667,0.75
9,29,"svmrad","11",0.666666666666667,0.75
9,29,"rf","11",0.666666666666667,0.875
9,29,"l2","12",0.5,0.666666666666667
9,29,"l1","12",0.666666666666667,0.666666666666667
9,29,"svmsig","12",0.5,0.666666666666667
9,29,"svmrad","12",0.5,0.666666666666667
9,29,"rf","12",0.5,0.888888888888889
9,29,"l2","13",0.571428571428571,0.75
9,29,"l1","13",0.571428571428571,0.5
9,29,"svmsig","13",0.857142857142857,0.833333333333333
9,29,"svmrad","13",0.714285714285714,0.833333333333333
9,29,"rf","13",0.571428571428571,0.833333333333333
9,29,"l2","14",0.6,1
9,29,"l1","14",0.6,0.5
9,29,"svmsig","14",0.8,1
9,29,"svmrad","14",0.8,1
9,29,"rf","14",0.8,0.833333333333333
9,29,"l2","15",0.6,0.833333333333333
9,29,"l1","15",0.6,0.5
9,29,"svmsig","15",0.6,1
9,29,"svmrad","15",0.8,1
9,29,"rf","15",0.8,0.833333333333333
9,29,"l2","16",0.666666666666667,0.75
9,29,"l1","16",0.666666666666667,0.5
9,29,"svmsig","16",0.5,0.75
9,29,"svmrad","16",0.5,0.75
9,29,"rf","16",0.5,0.75
9,29,"l2","17",0.666666666666667,0.666666666666667
9,29,"l1","17",0.5,0.5
9,29,"svmsig","17",0.666666666666667,0.666666666666667
9,29,"svmrad","17",0.666666666666667,0.666666666666667
9,29,"rf","17",0.5,0.777777777777778
9,29,"l2","18",0.5,0.444444444444444
9,29,"l1","18",0.5,0.5
9,29,"svmsig","18",0.666666666666667,0.555555555555556
9,29,"svmrad","18",0.5,0.555555555555556
9,29,"rf","18",0.666666666666667,0.555555555555556
9,29,"l2","19",0.833333333333333,0.875
9,29,"l1","19",0.666666666666667,0.875
9,29,"svmsig","19",1,1
9,29,"svmrad","19",0.833333333333333,1
9,29,"rf","19",0.666666666666667,1
9,29,"l2","20",0.6,0.833333333333333
9,29,"l1","20",0.6,0.5
9,29,"svmsig","20",0.8,0.833333333333333
9,29,"svmrad","20",0.6,0.833333333333333
9,29,"rf","20",0.4,0.666666666666667
9,29,"l2","21",0.571428571428571,1
9,29,"l1","21",0.428571428571429,0.333333333333333
9,29,"svmsig","21",0.857142857142857,1
9,29,"svmrad","21",0.857142857142857,1
9,29,"rf","21",0.857142857142857,0.916666666666667
9,29,"l2","22",0.666666666666667,0.375
9,29,"l1","22",0.666666666666667,0.625
9,29,"svmsig","22",0.5,0
9,29,"svmrad","22",0.5,0
9,29,"rf","22",0.666666666666667,0.75
9,29,"l2","23",0.5,0.888888888888889
9,29,"l1","23",0.5,0.5
9,29,"svmsig","23",0.5,0.888888888888889
9,29,"svmrad","23",0.666666666666667,0.888888888888889
9,29,"rf","23",0.833333333333333,0.888888888888889
9,29,"l2","24",0.4,0.333333333333333
9,29,"l1","24",0.6,0.5
9,29,"svmsig","24",0.4,0.5
9,29,"svmrad","24",0.4,0.5
9,29,"rf","24",0.2,0.333333333333333
9,29,"l2","25",0.6,0.833333333333333
9,29,"l1","25",0.4,0.666666666666667
9,29,"svmsig","25",0.8,0.833333333333333
9,29,"svmrad","25",0.6,0.833333333333333
9,29,"rf","25",1,1
9,29,"l2","26",0.6,0.666666666666667
9,29,"l1","26",0.6,0.5
9,29,"svmsig","26",0.6,0.666666666666667
9,29,"svmrad","26",0.6,0.666666666666667
9,29,"rf","26",0.6,0.666666666666667
9,29,"l2","27",0.5,0.777777777777778
9,29,"l1","27",0.5,0.5
9,29,"svmsig","27",0.666666666666667,0.888888888888889
9,29,"svmrad","27",0.5,0.888888888888889
9,29,"rf","27",0.333333333333333,0.333333333333333
9,29,"l2","28",0.833333333333333,0.625
9,29,"l1","28",0.5,0.625
9,29,"svmsig","28",0.5,0.625
9,29,"svmrad","28",0.666666666666667,0.625
9,29,"rf","28",0.5,0.75
9,29,"l2","29",0.666666666666667,0.625
9,29,"l1","29",0.666666666666667,0.5
9,29,"svmsig","29",0.666666666666667,0.625
9,29,"svmrad","29",0.666666666666667,0.625
9,29,"rf","29",0.666666666666667,1
9,29,"l2","30",0.5,0.555555555555556
9,29,"l1","30",0.5,0.333333333333333
9,29,"svmsig","30",0.5,0.555555555555556
9,29,"svmrad","30",0.5,0.555555555555556
9,29,"rf","30",0.5,0.555555555555556
9,29,"l2","31",0.5,0.5
9,29,"l1","31",0.666666666666667,0.5
9,29,"svmsig","31",0.5,0.5
9,29,"svmrad","31",0.5,0.5
9,29,"rf","31",0.5,0.625
9,29,"l2","32",0.6,1
9,29,"l1","32",0.6,0.5
9,29,"svmsig","32",0.8,1
9,29,"svmrad","32",0.6,1
9,29,"rf","32",1,1
9,29,"l2","33",0.8,0.666666666666667
9,29,"l1","33",0.6,0.666666666666667
9,29,"svmsig","33",0.8,0.666666666666667
9,29,"svmrad","33",0.8,0.666666666666667
9,29,"rf","33",0.8,0.833333333333333
9,29,"l2","34",0.666666666666667,0.666666666666667
9,29,"l1","34",0.5,0.5
9,29,"svmsig","34",0.5,0.666666666666667
9,29,"svmrad","34",0.5,0.666666666666667
9,29,"rf","34",0.333333333333333,0.666666666666667
9,29,"l2","35",0.571428571428571,0.5
9,29,"l1","35",0.571428571428571,0.5
9,29,"svmsig","35",0.571428571428571,0.666666666666667
9,29,"svmrad","35",0.571428571428571,0.666666666666667
9,29,"rf","35",0.714285714285714,0.916666666666667
9,29,"l2","36",0.5,0.888888888888889
9,29,"l1","36",0.666666666666667,0.777777777777778
9,29,"svmsig","36",0.5,0.888888888888889
9,29,"svmrad","36",0.5,0.111111111111111
9,29,"rf","36",0.666666666666667,0.888888888888889
9,29,"l2","37",0.6,0.666666666666667
9,29,"l1","37",0.6,0.333333333333333
9,29,"svmsig","37",0.4,0.666666666666667
9,29,"svmrad","37",0.6,0.666666666666667
9,29,"rf","37",0.4,0.666666666666667
9,29,"l2","38",0.6,1
9,29,"l1","38",0.6,0.5
9,29,"svmsig","38",1,1
9,29,"svmrad","38",1,1
9,29,"rf","38",0.8,1
9,29,"l2","39",0.571428571428571,0.666666666666667
9,29,"l1","39",0.571428571428571,0.5
9,29,"svmsig","39",0.571428571428571,0.583333333333333
9,29,"svmrad","39",0.571428571428571,0.583333333333333
9,29,"rf","39",0.714285714285714,0.833333333333333
9,29,"l2","40",0.5,0.125
9,29,"l1","40",0.666666666666667,0.5
9,29,"svmsig","40",0.166666666666667,0.125
9,29,"svmrad","40",0.166666666666667,0.125
9,29,"rf","40",0.5,0.6875
9,29,"l2","41",0.8,0.833333333333333
9,29,"l1","41",0.8,0.5
9,29,"svmsig","41",0.8,0.833333333333333
9,29,"svmrad","41",0.8,0.833333333333333
9,29,"rf","41",0.8,1
9,29,"l2","42",0.666666666666667,1
9,29,"l1","42",0.666666666666667,0.5
9,29,"svmsig","42",0.666666666666667,1
9,29,"svmrad","42",0.666666666666667,1
9,29,"rf","42",0.833333333333333,0.875
9,29,"l2","43",0.5,0.777777777777778
9,29,"l1","43",0.5,0.5
9,29,"svmsig","43",0.666666666666667,0.777777777777778
9,29,"svmrad","43",0.666666666666667,0.777777777777778
9,29,"rf","43",0.5,0.777777777777778
9,29,"l2","44",0.333333333333333,0.333333333333333
9,29,"l1","44",0.5,0.5
9,29,"svmsig","44",0.166666666666667,0.333333333333333
9,29,"svmrad","44",0.166666666666667,0.333333333333333
9,29,"rf","44",0.333333333333333,0.333333333333333
9,29,"l2","45",0.666666666666667,1
9,29,"l1","45",0.5,0.25
9,29,"svmsig","45",0.666666666666667,1
9,29,"svmrad","45",0.833333333333333,1
9,29,"rf","45",0.666666666666667,0.875
9,29,"l2","46",0.6,0.666666666666667
9,29,"l1","46",0.8,0.5
9,29,"svmsig","46",0.6,0.666666666666667
9,29,"svmrad","46",0.6,0.666666666666667
9,29,"rf","46",0.8,0.833333333333333
9,29,"l2","47",0.6,1
9,29,"l1","47",0.8,1
9,29,"svmsig","47",1,1
9,29,"svmrad","47",0.6,1
9,29,"rf","47",0.8,1
9,29,"l2","48",0.833333333333333,0.5
9,29,"l1","48",0.5,0.25
9,29,"svmsig","48",0.333333333333333,0.5
9,29,"svmrad","48",0.333333333333333,0.5
9,29,"rf","48",0.5,0.75
9,29,"l2","49",0.5,1
9,29,"l1","49",0.5,0.5
9,29,"svmsig","49",0.666666666666667,1
9,29,"svmrad","49",0.666666666666667,1
9,29,"rf","49",0.666666666666667,1
9,29,"l2","50",0.571428571428571,0.666666666666667
9,29,"l1","50",0.571428571428571,0.5
9,29,"svmsig","50",0.571428571428571,0.666666666666667
9,29,"svmrad","50",0.571428571428571,0.666666666666667
9,29,"rf","50",0.428571428571429,0.666666666666667
10,27,"l2","1",0.666666666666667,0.625
10,27,"l1","1",0.666666666666667,0.5
10,27,"svmsig","1",0.5,0.5
10,27,"svmrad","1",0.5,0.5
10,27,"rf","1",0.333333333333333,0.375
10,27,"l2","2",0.6,1
10,27,"l1","2",0.6,0.5
10,27,"svmsig","2",0.8,1
10,27,"svmrad","2",0.8,1
10,27,"rf","2",0.8,1
10,27,"l2","3",0.6,0.333333333333333
10,27,"l1","3",0.6,0.166666666666667
10,27,"svmsig","3",0.6,0.166666666666667
10,27,"svmrad","3",0.6,0.166666666666667
10,27,"rf","3",0.6,0.666666666666667
10,27,"l2","4",0.5,1
10,27,"l1","4",0.5,0.5
10,27,"svmsig","4",0.666666666666667,1
10,27,"svmrad","4",0.666666666666667,1
10,27,"rf","4",0.666666666666667,0.777777777777778
10,27,"l2","5",0.6,0.5
10,27,"l1","5",0.6,0.5
10,27,"svmsig","5",0.4,0.333333333333333
10,27,"svmrad","5",0.4,0.333333333333333
10,27,"rf","5",0.8,0.833333333333333
10,27,"l2","6",0.6,0.5
10,27,"l1","6",0.6,0.5
10,27,"svmsig","6",0.8,1
10,27,"svmrad","6",0.8,1
10,27,"rf","6",0.8,1
10,27,"l2","7",0.8,0.666666666666667
10,27,"l1","7",0.6,0.5
10,27,"svmsig","7",0.6,0.666666666666667
10,27,"svmrad","7",0.6,0.666666666666667
10,27,"rf","7",0.8,0.666666666666667
10,27,"l2","8",0.6,1
10,27,"l1","8",0.4,0.666666666666667
10,27,"svmsig","8",0.6,1
10,27,"svmrad","8",0.6,1
10,27,"rf","8",0.6,1
10,27,"l2","9",0.571428571428571,0.583333333333333
10,27,"l1","9",0.571428571428571,0.5
10,27,"svmsig","9",0.571428571428571,0.416666666666667
10,27,"svmrad","9",0.428571428571429,0.416666666666667
10,27,"rf","9",0.285714285714286,0.333333333333333
10,27,"l2","10",0.6,0.333333333333333
10,27,"l1","10",0.6,0.5
10,27,"svmsig","10",0.4,0.333333333333333
10,27,"svmrad","10",0.4,0.333333333333333
10,27,"rf","10",0.6,0.666666666666667
10,27,"l2","11",0.666666666666667,0.75
10,27,"l1","11",0.666666666666667,0.5
10,27,"svmsig","11",0.666666666666667,1
10,27,"svmrad","11",0.666666666666667,1
10,27,"rf","11",0.833333333333333,1
10,27,"l2","12",0.5,0.666666666666667
10,27,"l1","12",0.333333333333333,0.222222222222222
10,27,"svmsig","12",0.333333333333333,0.333333333333333
10,27,"svmrad","12",0.666666666666667,0.666666666666667
10,27,"rf","12",0.666666666666667,0.777777777777778
10,27,"l2","13",0.6,0.666666666666667
10,27,"l1","13",0.6,0.5
10,27,"svmsig","13",0.6,0.666666666666667
10,27,"svmrad","13",0.6,0.666666666666667
10,27,"rf","13",0.6,0.333333333333333
10,27,"l2","14",0.8,1
10,27,"l1","14",0.6,0.5
10,27,"svmsig","14",1,1
10,27,"svmrad","14",0.6,0
10,27,"rf","14",0.4,0.666666666666667
10,27,"l2","15",0.8,0.5
10,27,"l1","15",0.6,0.5
10,27,"svmsig","15",0.6,0.5
10,27,"svmrad","15",0.6,0.5
10,27,"rf","15",0.8,0.833333333333333
10,27,"l2","16",0.6,0.5
10,27,"l1","16",0.6,0.5
10,27,"svmsig","16",0.6,0.666666666666667
10,27,"svmrad","16",0.6,0.666666666666667
10,27,"rf","16",0.6,0.666666666666667
10,27,"l2","17",0.4,0.5
10,27,"l1","17",0.6,0.666666666666667
10,27,"svmsig","17",0.4,0.5
10,27,"svmrad","17",0.4,0.5
10,27,"rf","17",0.6,0.5
10,27,"l2","18",0.666666666666667,0.75
10,27,"l1","18",0.5,0.625
10,27,"svmsig","18",0.666666666666667,0.75
10,27,"svmrad","18",0.833333333333333,0.75
10,27,"rf","18",0.666666666666667,0.875
10,27,"l2","19",0.5,0.5
10,27,"l1","19",0.5,0.5
10,27,"svmsig","19",0.5,0.777777777777778
10,27,"svmrad","19",0.666666666666667,0.777777777777778
10,27,"rf","19",0.666666666666667,0.888888888888889
10,27,"l2","20",0.6,0.666666666666667
10,27,"l1","20",0.6,0.5
10,27,"svmsig","20",0.6,0.666666666666667
10,27,"svmrad","20",0.4,0.666666666666667
10,27,"rf","20",0.4,0.666666666666667
10,27,"l2","21",0.666666666666667,0.625
10,27,"l1","21",0.666666666666667,0.5
10,27,"svmsig","21",0.666666666666667,0.375
10,27,"svmrad","21",0.666666666666667,0.375
10,27,"rf","21",0.666666666666667,0.5
10,27,"l2","22",0.4,0
10,27,"l1","22",0.6,0.333333333333333
10,27,"svmsig","22",0.2,0
10,27,"svmrad","22",0.2,0
10,27,"rf","22",0.4,0.0833333333333333
10,27,"l2","23",0.6,1
10,27,"l1","23",0.2,0.333333333333333
10,27,"svmsig","23",0.8,1
10,27,"svmrad","23",0.8,1
10,27,"rf","23",0.4,0.666666666666667
10,27,"l2","24",0.5,0.777777777777778
10,27,"l1","24",0.5,0.5
10,27,"svmsig","24",0.5,0.777777777777778
10,27,"svmrad","24",0.666666666666667,0.777777777777778
10,27,"rf","24",0.5,1
10,27,"l2","25",0.6,0.5
10,27,"l1","25",0.6,0.5
10,27,"svmsig","25",0.6,1
10,27,"svmrad","25",0.6,0
10,27,"rf","25",0.8,1
10,27,"l2","26",0.6,0.333333333333333
10,27,"l1","26",0.6,0
10,27,"svmsig","26",0.6,0.5
10,27,"svmrad","26",0.6,0.5
10,27,"rf","26",0.6,0.333333333333333
10,27,"l2","27",0.666666666666667,0.875
10,27,"l1","27",0.666666666666667,0.5
10,27,"svmsig","27",0.666666666666667,0.875
10,27,"svmrad","27",0.666666666666667,0.875
10,27,"rf","27",0.666666666666667,1
10,27,"l2","28",0.6,1
10,27,"l1","28",0.6,0.333333333333333
10,27,"svmsig","28",1,1
10,27,"svmrad","28",0.6,1
10,27,"rf","28",0.8,1
10,27,"l2","29",0.6,0.833333333333333
10,27,"l1","29",0.6,0.5
10,27,"svmsig","29",0.8,0.833333333333333
10,27,"svmrad","29",0.8,0.833333333333333
10,27,"rf","29",0.8,0.833333333333333
10,27,"l2","30",0.5,0.333333333333333
10,27,"l1","30",0.5,0.555555555555556
10,27,"svmsig","30",0.5,0.333333333333333
10,27,"svmrad","30",0.333333333333333,0.333333333333333
10,27,"rf","30",0.5,0.222222222222222
10,27,"l2","31",0.6,0.5
10,27,"l1","31",0.6,0.5
10,27,"svmsig","31",0.8,0.833333333333333
10,27,"svmrad","31",0.6,0.833333333333333
10,27,"rf","31",0.8,0.833333333333333
10,27,"l2","32",0.6,1
10,27,"l1","32",0.6,0.5
10,27,"svmsig","32",0.8,1
10,27,"svmrad","32",0.6,1
10,27,"rf","32",0.8,1
10,27,"l2","33",0.5,0.666666666666667
10,27,"l1","33",0.5,0.5
10,27,"svmsig","33",0.5,0.666666666666667
10,27,"svmrad","33",0.5,0.666666666666667
10,27,"rf","33",0.5,0.777777777777778
10,27,"l2","34",0.666666666666667,0.75
10,27,"l1","34",0.666666666666667,0.5
10,27,"svmsig","34",0.5,0.75
10,27,"svmrad","34",0.5,0.75
10,27,"rf","34",0.833333333333333,0.625
10,27,"l2","35",0.6,0.5
10,27,"l1","35",0.6,0.5
10,27,"svmsig","35",0.6,0.666666666666667
10,27,"svmrad","35",0.6,0.666666666666667
10,27,"rf","35",0.6,0.666666666666667
10,27,"l2","36",0.6,0.666666666666667
10,27,"l1","36",0.6,0.5
10,27,"svmsig","36",0.4,0.666666666666667
10,27,"svmrad","36",0.6,0.666666666666667
10,27,"rf","36",0.6,0.666666666666667
10,27,"l2","37",0.6,1
10,27,"l1","37",0.6,0.5
10,27,"svmsig","37",0.8,1
10,27,"svmrad","37",0.8,1
10,27,"rf","37",0.6,1
10,27,"l2","38",0.6,0.333333333333333
10,27,"l1","38",0.6,0.5
10,27,"svmsig","38",0.4,0.333333333333333
10,27,"svmrad","38",0.4,0.333333333333333
10,27,"rf","38",0.8,0.666666666666667
10,27,"l2","39",0.5,0.666666666666667
10,27,"l1","39",0.333333333333333,0.222222222222222
10,27,"svmsig","39",0.5,0.333333333333333
10,27,"svmrad","39",0.666666666666667,0.666666666666667
10,27,"rf","39",0.5,0.666666666666667
10,27,"l2","40",0.5,0.625
10,27,"l1","40",0.5,0.125
10,27,"svmsig","40",0.5,0.625
10,27,"svmrad","40",0.5,0.625
10,27,"rf","40",0.333333333333333,0.375
10,27,"l2","41",0.5,0.555555555555556
10,27,"l1","41",0.5,0.5
10,27,"svmsig","41",0.5,0.444444444444444
10,27,"svmrad","41",0.5,0.555555555555556
10,27,"rf","41",0.5,0.333333333333333
10,27,"l2","42",0.6,0.333333333333333
10,27,"l1","42",0.6,0.5
10,27,"svmsig","42",0.6,0.333333333333333
10,27,"svmrad","42",0.6,0.333333333333333
10,27,"rf","42",0.6,0.166666666666667
10,27,"l2","43",0.666666666666667,0.75
10,27,"l1","43",0.5,0.375
10,27,"svmsig","43",0.833333333333333,0.75
10,27,"svmrad","43",0.833333333333333,0.75
10,27,"rf","43",0.5,0.75
10,27,"l2","44",0.8,1
10,27,"l1","44",0.6,0.5
10,27,"svmsig","44",0.6,1
10,27,"svmrad","44",0.4,1
10,27,"rf","44",0.6,1
10,27,"l2","45",0.6,1
10,27,"l1","45",0.6,0.5
10,27,"svmsig","45",0.8,1
10,27,"svmrad","45",0.8,1
10,27,"rf","45",0.6,1
10,27,"l2","46",0.5,0.777777777777778
10,27,"l1","46",0.5,0.5
10,27,"svmsig","46",0.5,0.777777777777778
10,27,"svmrad","46",0.666666666666667,0.777777777777778
10,27,"rf","46",0.333333333333333,0.666666666666667
10,27,"l2","47",0.5,0.375
10,27,"l1","47",0.666666666666667,0.5
10,27,"svmsig","47",0.5,0.25
10,27,"svmrad","47",0.5,0.25
10,27,"rf","47",0.5,0.5
10,27,"l2","48",0.8,0.666666666666667
10,27,"l1","48",0.6,0.5
10,27,"svmsig","48",0.6,0.666666666666667
10,27,"svmrad","48",0.6,0.666666666666667
10,27,"rf","48",0.8,0.666666666666667
10,27,"l2","49",0.6,0.666666666666667
10,27,"l1","49",0.6,0.5
10,27,"svmsig","49",0.6,0.666666666666667
10,27,"svmrad","49",0.6,0.666666666666667
10,27,"rf","49",0.6,0.333333333333333
10,27,"l2","50",0.6,1
10,27,"l1","50",0.6,0.666666666666667
10,27,"svmsig","50",1,1
10,27,"svmrad","50",0.6,1
10,27,"rf","50",1,1
